"filename", "language", "PHP", "Markdown", "JSON", "CSS", "JavaScript", "XML", "SCSS", "HTML", "YAML", "comment", "blank", "total"
"c:\xampp\htdocs\soften2-jobseeker-system\README.md", "Markdown", 0, 1, 0, 0, 0, 0, 0, 0, 0, 0, 1, 2
"c:\xampp\htdocs\soften2-jobseeker-system\auth\auth.php", "PHP", 62, 0, 0, 0, 0, 0, 0, 0, 0, 5, 7, 74
"c:\xampp\htdocs\soften2-jobseeker-system\auth\db-connection.php", "PHP", 9, 0, 0, 0, 0, 0, 0, 0, 0, 2, 2, 13
"c:\xampp\htdocs\soften2-jobseeker-system\employer-otp\PHPMailer\README.md", "Markdown", 0, 165, 0, 0, 0, 0, 0, 0, 0, 0, 63, 228
"c:\xampp\htdocs\soften2-jobseeker-system\employer-otp\PHPMailer\SECURITY.md", "Markdown", 0, 19, 0, 0, 0, 0, 0, 0, 0, 0, 19, 38
"c:\xampp\htdocs\soften2-jobseeker-system\employer-otp\PHPMailer\composer.json", "JSON", 0, 0, 76, 0, 0, 0, 0, 0, 0, 0, 1, 77
"c:\xampp\htdocs\soften2-jobseeker-system\employer-otp\PHPMailer\get_oauth_token.php", "PHP", 84, 0, 0, 0, 0, 0, 0, 0, 0, 46, 17, 147
"c:\xampp\htdocs\soften2-jobseeker-system\employer-otp\PHPMailer\language\phpmailer.lang-af.php", "PHP", 20, 0, 0, 0, 0, 0, 0, 0, 0, 4, 3, 27
"c:\xampp\htdocs\soften2-jobseeker-system\employer-otp\PHPMailer\language\phpmailer.lang-ar.php", "PHP", 20, 0, 0, 0, 0, 0, 0, 0, 0, 5, 3, 28
"c:\xampp\htdocs\soften2-jobseeker-system\employer-otp\PHPMailer\language\phpmailer.lang-az.php", "PHP", 19, 0, 0, 0, 0, 0, 0, 0, 0, 6, 3, 28
"c:\xampp\htdocs\soften2-jobseeker-system\employer-otp\PHPMailer\language\phpmailer.lang-ba.php", "PHP", 20, 0, 0, 0, 0, 0, 0, 0, 0, 5, 3, 28
"c:\xampp\htdocs\soften2-jobseeker-system\employer-otp\PHPMailer\language\phpmailer.lang-be.php", "PHP", 19, 0, 0, 0, 0, 0, 0, 0, 0, 6, 3, 28
"c:\xampp\htdocs\soften2-jobseeker-system\employer-otp\PHPMailer\language\phpmailer.lang-bg.php", "PHP", 20, 0, 0, 0, 0, 0, 0, 0, 0, 5, 3, 28
"c:\xampp\htdocs\soften2-jobseeker-system\employer-otp\PHPMailer\language\phpmailer.lang-ca.php", "PHP", 19, 0, 0, 0, 0, 0, 0, 0, 0, 6, 3, 28
"c:\xampp\htdocs\soften2-jobseeker-system\employer-otp\PHPMailer\language\phpmailer.lang-ch.php", "PHP", 13, 0, 0, 0, 0, 0, 0, 0, 0, 12, 3, 28
"c:\xampp\htdocs\soften2-jobseeker-system\employer-otp\PHPMailer\language\phpmailer.lang-cs.php", "PHP", 22, 0, 0, 0, 0, 0, 0, 0, 0, 4, 3, 29
"c:\xampp\htdocs\soften2-jobseeker-system\employer-otp\PHPMailer\language\phpmailer.lang-da.php", "PHP", 20, 0, 0, 0, 0, 0, 0, 0, 0, 7, 3, 30
"c:\xampp\htdocs\soften2-jobseeker-system\employer-otp\PHPMailer\language\phpmailer.lang-de.php", "PHP", 22, 0, 0, 0, 0, 0, 0, 0, 0, 4, 3, 29
"c:\xampp\htdocs\soften2-jobseeker-system\employer-otp\PHPMailer\language\phpmailer.lang-el.php", "PHP", 19, 0, 0, 0, 0, 0, 0, 0, 0, 5, 3, 27
"c:\xampp\htdocs\soften2-jobseeker-system\employer-otp\PHPMailer\language\phpmailer.lang-eo.php", "PHP", 20, 0, 0, 0, 0, 0, 0, 0, 0, 4, 3, 27
"c:\xampp\htdocs\soften2-jobseeker-system\employer-otp\PHPMailer\language\phpmailer.lang-es.php", "PHP", 20, 0, 0, 0, 0, 0, 0, 0, 0, 5, 3, 28
"c:\xampp\htdocs\soften2-jobseeker-system\employer-otp\PHPMailer\language\phpmailer.lang-et.php", "PHP", 20, 0, 0, 0, 0, 0, 0, 0, 0, 6, 3, 29
"c:\xampp\htdocs\soften2-jobseeker-system\employer-otp\PHPMailer\language\phpmailer.lang-fa.php", "PHP", 20, 0, 0, 0, 0, 0, 0, 0, 0, 6, 3, 29
"c:\xampp\htdocs\soften2-jobseeker-system\employer-otp\PHPMailer\language\phpmailer.lang-fi.php", "PHP", 14, 0, 0, 0, 0, 0, 0, 0, 0, 12, 3, 29
"c:\xampp\htdocs\soften2-jobseeker-system\employer-otp\PHPMailer\language\phpmailer.lang-fo.php", "PHP", 13, 0, 0, 0, 0, 0, 0, 0, 0, 12, 3, 28
"c:\xampp\htdocs\soften2-jobseeker-system\employer-otp\PHPMailer\language\phpmailer.lang-fr.php", "PHP", 28, 0, 0, 0, 0, 0, 0, 0, 0, 8, 3, 39
"c:\xampp\htdocs\soften2-jobseeker-system\employer-otp\PHPMailer\language\phpmailer.lang-gl.php", "PHP", 19, 0, 0, 0, 0, 0, 0, 0, 0, 6, 3, 28
"c:\xampp\htdocs\soften2-jobseeker-system\employer-otp\PHPMailer\language\phpmailer.lang-he.php", "PHP", 19, 0, 0, 0, 0, 0, 0, 0, 0, 6, 3, 28
"c:\xampp\htdocs\soften2-jobseeker-system\employer-otp\PHPMailer\language\phpmailer.lang-hi.php", "PHP", 20, 0, 0, 0, 0, 0, 0, 0, 0, 5, 3, 28
"c:\xampp\htdocs\soften2-jobseeker-system\employer-otp\PHPMailer\language\phpmailer.lang-hr.php", "PHP", 20, 0, 0, 0, 0, 0, 0, 0, 0, 5, 3, 28
"c:\xampp\htdocs\soften2-jobseeker-system\employer-otp\PHPMailer\language\phpmailer.lang-hu.php", "PHP", 20, 0, 0, 0, 0, 0, 0, 0, 0, 5, 3, 28
"c:\xampp\htdocs\soften2-jobseeker-system\employer-otp\PHPMailer\language\phpmailer.lang-hy.php", "PHP", 20, 0, 0, 0, 0, 0, 0, 0, 0, 5, 3, 28
"c:\xampp\htdocs\soften2-jobseeker-system\employer-otp\PHPMailer\language\phpmailer.lang-id.php", "PHP", 22, 0, 0, 0, 0, 0, 0, 0, 0, 7, 3, 32
"c:\xampp\htdocs\soften2-jobseeker-system\employer-otp\PHPMailer\language\phpmailer.lang-it.php", "PHP", 20, 0, 0, 0, 0, 0, 0, 0, 0, 6, 3, 29
"c:\xampp\htdocs\soften2-jobseeker-system\employer-otp\PHPMailer\language\phpmailer.lang-ja.php", "PHP", 20, 0, 0, 0, 0, 0, 0, 0, 0, 7, 3, 30
"c:\xampp\htdocs\soften2-jobseeker-system\employer-otp\PHPMailer\language\phpmailer.lang-ka.php", "PHP", 20, 0, 0, 0, 0, 0, 0, 0, 0, 5, 3, 28
"c:\xampp\htdocs\soften2-jobseeker-system\employer-otp\PHPMailer\language\phpmailer.lang-ko.php", "PHP", 20, 0, 0, 0, 0, 0, 0, 0, 0, 5, 3, 28
"c:\xampp\htdocs\soften2-jobseeker-system\employer-otp\PHPMailer\language\phpmailer.lang-lt.php", "PHP", 19, 0, 0, 0, 0, 0, 0, 0, 0, 6, 3, 28
"c:\xampp\htdocs\soften2-jobseeker-system\employer-otp\PHPMailer\language\phpmailer.lang-lv.php", "PHP", 19, 0, 0, 0, 0, 0, 0, 0, 0, 6, 3, 28
"c:\xampp\htdocs\soften2-jobseeker-system\employer-otp\PHPMailer\language\phpmailer.lang-mg.php", "PHP", 20, 0, 0, 0, 0, 0, 0, 0, 0, 5, 3, 28
"c:\xampp\htdocs\soften2-jobseeker-system\employer-otp\PHPMailer\language\phpmailer.lang-ms.php", "PHP", 20, 0, 0, 0, 0, 0, 0, 0, 0, 5, 3, 28
"c:\xampp\htdocs\soften2-jobseeker-system\employer-otp\PHPMailer\language\phpmailer.lang-nb.php", "PHP", 20, 0, 0, 0, 0, 0, 0, 0, 0, 4, 3, 27
"c:\xampp\htdocs\soften2-jobseeker-system\employer-otp\PHPMailer\language\phpmailer.lang-nl.php", "PHP", 27, 0, 0, 0, 0, 0, 0, 0, 0, 5, 3, 35
"c:\xampp\htdocs\soften2-jobseeker-system\employer-otp\PHPMailer\language\phpmailer.lang-pl.php", "PHP", 21, 0, 0, 0, 0, 0, 0, 0, 0, 4, 3, 28
"c:\xampp\htdocs\soften2-jobseeker-system\employer-otp\PHPMailer\language\phpmailer.lang-pt.php", "PHP", 20, 0, 0, 0, 0, 0, 0, 0, 0, 5, 3, 28
"c:\xampp\htdocs\soften2-jobseeker-system\employer-otp\PHPMailer\language\phpmailer.lang-pt_br.php", "PHP", 27, 0, 0, 0, 0, 0, 0, 0, 0, 9, 3, 39
"c:\xampp\htdocs\soften2-jobseeker-system\employer-otp\PHPMailer\language\phpmailer.lang-ro.php", "PHP", 27, 0, 0, 0, 0, 0, 0, 0, 0, 4, 3, 34
"c:\xampp\htdocs\soften2-jobseeker-system\employer-otp\PHPMailer\language\phpmailer.lang-ru.php", "PHP", 20, 0, 0, 0, 0, 0, 0, 0, 0, 6, 3, 29
"c:\xampp\htdocs\soften2-jobseeker-system\employer-otp\PHPMailer\language\phpmailer.lang-sk.php", "PHP", 22, 0, 0, 0, 0, 0, 0, 0, 0, 6, 3, 31
"c:\xampp\htdocs\soften2-jobseeker-system\employer-otp\PHPMailer\language\phpmailer.lang-sl.php", "PHP", 27, 0, 0, 0, 0, 0, 0, 0, 0, 7, 3, 37
"c:\xampp\htdocs\soften2-jobseeker-system\employer-otp\PHPMailer\language\phpmailer.lang-sr.php", "PHP", 20, 0, 0, 0, 0, 0, 0, 0, 0, 6, 3, 29
"c:\xampp\htdocs\soften2-jobseeker-system\employer-otp\PHPMailer\language\phpmailer.lang-sr_latn.php", "PHP", 20, 0, 0, 0, 0, 0, 0, 0, 0, 6, 3, 29
"c:\xampp\htdocs\soften2-jobseeker-system\employer-otp\PHPMailer\language\phpmailer.lang-sv.php", "PHP", 19, 0, 0, 0, 0, 0, 0, 0, 0, 6, 3, 28
"c:\xampp\htdocs\soften2-jobseeker-system\employer-otp\PHPMailer\language\phpmailer.lang-tl.php", "PHP", 20, 0, 0, 0, 0, 0, 0, 0, 0, 6, 3, 29
"c:\xampp\htdocs\soften2-jobseeker-system\employer-otp\PHPMailer\language\phpmailer.lang-tr.php", "PHP", 20, 0, 0, 0, 0, 0, 0, 0, 0, 9, 3, 32
"c:\xampp\htdocs\soften2-jobseeker-system\employer-otp\PHPMailer\language\phpmailer.lang-uk.php", "PHP", 20, 0, 0, 0, 0, 0, 0, 0, 0, 6, 3, 29
"c:\xampp\htdocs\soften2-jobseeker-system\employer-otp\PHPMailer\language\phpmailer.lang-vi.php", "PHP", 19, 0, 0, 0, 0, 0, 0, 0, 0, 6, 3, 28
"c:\xampp\htdocs\soften2-jobseeker-system\employer-otp\PHPMailer\language\phpmailer.lang-zh.php", "PHP", 20, 0, 0, 0, 0, 0, 0, 0, 0, 7, 3, 30
"c:\xampp\htdocs\soften2-jobseeker-system\employer-otp\PHPMailer\language\phpmailer.lang-zh_cn.php", "PHP", 20, 0, 0, 0, 0, 0, 0, 0, 0, 7, 3, 30
"c:\xampp\htdocs\soften2-jobseeker-system\employer-otp\PHPMailer\src\Exception.php", "PHP", 9, 0, 0, 0, 0, 0, 0, 0, 0, 28, 4, 41
"c:\xampp\htdocs\soften2-jobseeker-system\employer-otp\PHPMailer\src\OAuth.php", "PHP", 46, 0, 0, 0, 0, 0, 0, 0, 0, 79, 15, 140
"c:\xampp\htdocs\soften2-jobseeker-system\employer-otp\PHPMailer\src\OAuthTokenProvider.php", "PHP", 6, 0, 0, 0, 0, 0, 0, 0, 0, 35, 4, 45
"c:\xampp\htdocs\soften2-jobseeker-system\employer-otp\PHPMailer\src\PHPMailer.php", "PHP", 2827, 0, 0, 0, 0, 0, 0, 0, 0, 1865, 380, 5072
"c:\xampp\htdocs\soften2-jobseeker-system\employer-otp\PHPMailer\src\POP3.php", "PHP", 178, 0, 0, 0, 0, 0, 0, 0, 0, 233, 52, 463
"c:\xampp\htdocs\soften2-jobseeker-system\employer-otp\PHPMailer\src\SMTP.php", "PHP", 718, 0, 0, 0, 0, 0, 0, 0, 0, 598, 141, 1457
"c:\xampp\htdocs\soften2-jobseeker-system\employer-otp\accountVerify.php", "PHP", 20, 0, 0, 0, 0, 0, 0, 0, 0, 2, 8, 30
"c:\xampp\htdocs\soften2-jobseeker-system\employer-otp\db-connection.php", "PHP", 9, 0, 0, 0, 0, 0, 0, 0, 0, 2, 2, 13
"c:\xampp\htdocs\soften2-jobseeker-system\employer-otp\employerOtp.php", "PHP", 73, 0, 0, 0, 0, 0, 0, 0, 0, 1, 15, 89
"c:\xampp\htdocs\soften2-jobseeker-system\employer-otp\employerSendOtp.php", "PHP", 60, 0, 0, 0, 0, 0, 0, 0, 0, 0, 11, 71
"c:\xampp\htdocs\soften2-jobseeker-system\employer-otp\randomString.php", "PHP", 11, 0, 0, 0, 0, 0, 0, 0, 0, 0, 4, 15
"c:\xampp\htdocs\soften2-jobseeker-system\employerSignup.php", "PHP", 70, 0, 0, 0, 0, 0, 0, 0, 0, 112, 11, 193
"c:\xampp\htdocs\soften2-jobseeker-system\footer.php", "PHP", 7, 0, 0, 0, 0, 0, 0, 0, 0, 0, 1, 8
"c:\xampp\htdocs\soften2-jobseeker-system\header.php", "PHP", 13, 0, 0, 0, 0, 0, 0, 0, 0, 0, 2, 15
"c:\xampp\htdocs\soften2-jobseeker-system\index.php", "PHP", 110, 0, 0, 0, 0, 0, 0, 0, 0, 0, 7, 117
"c:\xampp\htdocs\soften2-jobseeker-system\jobseekerSignup.php", "PHP", 76, 0, 0, 0, 0, 0, 0, 0, 0, 177, 11, 264
"c:\xampp\htdocs\soften2-jobseeker-system\queries\addJobseekerEducation.php", "PHP", 19, 0, 0, 0, 0, 0, 0, 0, 0, 0, 7, 26
"c:\xampp\htdocs\soften2-jobseeker-system\queries\randomString.php", "PHP", 11, 0, 0, 0, 0, 0, 0, 0, 0, 0, 4, 15
"c:\xampp\htdocs\soften2-jobseeker-system\queries\updateAddress.php", "PHP", 13, 0, 0, 0, 0, 0, 0, 0, 0, 0, 7, 20
"c:\xampp\htdocs\soften2-jobseeker-system\queries\updateEmployerInfo.php", "PHP", 46, 0, 0, 0, 0, 0, 0, 0, 0, 3, 20, 69
"c:\xampp\htdocs\soften2-jobseeker-system\queries\updateImage.php", "PHP", 23, 0, 0, 0, 0, 0, 0, 0, 0, 0, 12, 35
"c:\xampp\htdocs\soften2-jobseeker-system\queries\updateJobSeekerSkills.php", "PHP", 13, 0, 0, 0, 0, 0, 0, 0, 0, 0, 6, 19
"c:\xampp\htdocs\soften2-jobseeker-system\queries\updateJobseekerCeo.php", "PHP", 13, 0, 0, 0, 0, 0, 0, 0, 0, 0, 6, 19
"c:\xampp\htdocs\soften2-jobseeker-system\queries\updateJobseekerInfo.php", "PHP", 43, 0, 0, 0, 0, 0, 0, 0, 0, 3, 18, 64
"c:\xampp\htdocs\soften2-jobseeker-system\template-files\.github\workflows\npm-publish.yml", "YAML", 0, 0, 0, 0, 0, 0, 0, 0, 40, 2, 6, 48
"c:\xampp\htdocs\soften2-jobseeker-system\template-files\gulpfile.js", "JavaScript", 0, 0, 0, 0, 214, 0, 0, 0, 0, 4, 15, 233
"c:\xampp\htdocs\soften2-jobseeker-system\template-files\pnotify\.bower.json", "JSON", 0, 0, 47, 0, 0, 0, 0, 0, 0, 0, 0, 47
"c:\xampp\htdocs\soften2-jobseeker-system\template-files\pnotify\README.md", "Markdown", 0, 218, 0, 0, 0, 0, 0, 0, 0, 0, 78, 296
"c:\xampp\htdocs\soften2-jobseeker-system\template-files\pnotify\bower.json", "JSON", 0, 0, 36, 0, 0, 0, 0, 0, 0, 0, 1, 37
"c:\xampp\htdocs\soften2-jobseeker-system\template-files\pnotify\dist\pnotify.animate.js", "JavaScript", 0, 0, 0, 0, 4, 0, 0, 0, 0, 0, 1, 5
"c:\xampp\htdocs\soften2-jobseeker-system\template-files\pnotify\dist\pnotify.brighttheme.css", "CSS", 0, 0, 0, 1, 0, 0, 0, 0, 0, 0, 0, 1
"c:\xampp\htdocs\soften2-jobseeker-system\template-files\pnotify\dist\pnotify.buttons.css", "CSS", 0, 0, 0, 1, 0, 0, 0, 0, 0, 0, 0, 1
"c:\xampp\htdocs\soften2-jobseeker-system\template-files\pnotify\dist\pnotify.buttons.js", "JavaScript", 0, 0, 0, 0, 8, 0, 0, 0, 0, 0, 1, 9
"c:\xampp\htdocs\soften2-jobseeker-system\template-files\pnotify\dist\pnotify.callbacks.js", "JavaScript", 0, 0, 0, 0, 2, 0, 0, 0, 0, 0, 1, 3
"c:\xampp\htdocs\soften2-jobseeker-system\template-files\pnotify\dist\pnotify.confirm.js", "JavaScript", 0, 0, 0, 0, 7, 0, 0, 0, 0, 0, 1, 8
"c:\xampp\htdocs\soften2-jobseeker-system\template-files\pnotify\dist\pnotify.css", "CSS", 0, 0, 0, 1, 0, 0, 0, 0, 0, 0, 0, 1
"c:\xampp\htdocs\soften2-jobseeker-system\template-files\pnotify\dist\pnotify.desktop.js", "JavaScript", 0, 0, 0, 0, 5, 0, 0, 0, 0, 0, 1, 6
"c:\xampp\htdocs\soften2-jobseeker-system\template-files\pnotify\dist\pnotify.history.css", "CSS", 0, 0, 0, 1, 0, 0, 0, 0, 0, 0, 0, 1
"c:\xampp\htdocs\soften2-jobseeker-system\template-files\pnotify\dist\pnotify.history.js", "JavaScript", 0, 0, 0, 0, 6, 0, 0, 0, 0, 0, 1, 7
"c:\xampp\htdocs\soften2-jobseeker-system\template-files\pnotify\dist\pnotify.js", "JavaScript", 0, 0, 0, 0, 26, 0, 0, 0, 0, 5, 1, 32
"c:\xampp\htdocs\soften2-jobseeker-system\template-files\pnotify\dist\pnotify.material.css", "CSS", 0, 0, 0, 1, 0, 0, 0, 0, 0, 0, 0, 1
"c:\xampp\htdocs\soften2-jobseeker-system\template-files\pnotify\dist\pnotify.mobile.css", "CSS", 0, 0, 0, 1, 0, 0, 0, 0, 0, 0, 0, 1
"c:\xampp\htdocs\soften2-jobseeker-system\template-files\pnotify\dist\pnotify.mobile.js", "JavaScript", 0, 0, 0, 0, 5, 0, 0, 0, 0, 0, 1, 6
"c:\xampp\htdocs\soften2-jobseeker-system\template-files\pnotify\dist\pnotify.nonblock.css", "CSS", 0, 0, 0, 1, 0, 0, 0, 0, 0, 0, 0, 1
"c:\xampp\htdocs\soften2-jobseeker-system\template-files\pnotify\dist\pnotify.nonblock.js", "JavaScript", 0, 0, 0, 0, 6, 0, 0, 0, 0, 0, 1, 7
"c:\xampp\htdocs\soften2-jobseeker-system\template-files\pnotify\dist\pnotify.reference.js", "JavaScript", 0, 0, 0, 0, 1, 0, 0, 0, 0, 0, 0, 1
"c:\xampp\htdocs\soften2-jobseeker-system\template-files\pnotify\dist\pnotify.tooltip.js", "JavaScript", 0, 0, 0, 0, 1, 0, 0, 0, 0, 0, 0, 1
"c:\xampp\htdocs\soften2-jobseeker-system\template-files\pnotify\libtests\browserify\index.js", "JavaScript", 0, 0, 0, 0, 20, 0, 0, 0, 0, 1, 5, 26
"c:\xampp\htdocs\soften2-jobseeker-system\template-files\src\fonts\dropways\dropways.css", "CSS", 0, 0, 0, 4162, 0, 0, 0, 0, 0, 2, 4, 4168
"c:\xampp\htdocs\soften2-jobseeker-system\template-files\src\fonts\dropways\dropways.svg", "XML", 0, 0, 0, 0, 0, 1390, 0, 0, 0, 0, 0, 1390
"c:\xampp\htdocs\soften2-jobseeker-system\template-files\src\fonts\font-awesome\css\font-awesome.css", "CSS", 0, 0, 0, 2327, 0, 0, 0, 0, 0, 10, 1, 2338
"c:\xampp\htdocs\soften2-jobseeker-system\template-files\src\fonts\font-awesome\css\font-awesome.min.css", "CSS", 0, 0, 0, 1, 0, 0, 0, 0, 0, 3, 1, 5
"c:\xampp\htdocs\soften2-jobseeker-system\template-files\src\fonts\font-awesome\fonts\fontawesome-webfont.svg", "XML", 0, 0, 0, 0, 0, 2671, 0, 0, 0, 0, 1, 2672
"c:\xampp\htdocs\soften2-jobseeker-system\template-files\src\fonts\foundation-icons\foundation-icons.css", "CSS", 0, 0, 0, 586, 0, 0, 0, 0, 0, 5, 4, 595
"c:\xampp\htdocs\soften2-jobseeker-system\template-files\src\fonts\foundation-icons\foundation-icons.svg", "XML", 0, 0, 0, 0, 0, 967, 0, 0, 0, 3, 1, 971
"c:\xampp\htdocs\soften2-jobseeker-system\template-files\src\fonts\ionicons-master\css\ionicons.css", "CSS", 0, 0, 0, 736, 0, 0, 0, 0, 0, 11, 734, 1481
"c:\xampp\htdocs\soften2-jobseeker-system\template-files\src\fonts\ionicons-master\css\ionicons.min.css", "CSS", 0, 0, 0, 2, 0, 0, 0, 0, 0, 9, 1, 12
"c:\xampp\htdocs\soften2-jobseeker-system\template-files\src\fonts\ionicons-master\fonts\ionicons.svg", "XML", 0, 0, 0, 0, 0, 2227, 0, 0, 0, 3, 1, 2231
"c:\xampp\htdocs\soften2-jobseeker-system\template-files\src\fonts\themify-icons\fonts\themify.svg", "XML", 0, 0, 0, 0, 0, 362, 0, 0, 0, 0, 0, 362
"c:\xampp\htdocs\soften2-jobseeker-system\template-files\src\fonts\themify-icons\themify-icons.css", "CSS", 0, 0, 0, 1077, 0, 0, 0, 0, 0, 1, 4, 1082
"c:\xampp\htdocs\soften2-jobseeker-system\template-files\src\images\briefcase.svg", "XML", 0, 0, 0, 0, 0, 11, 0, 0, 0, 0, 1, 12
"c:\xampp\htdocs\soften2-jobseeker-system\template-files\src\images\cancel.svg", "XML", 0, 0, 0, 0, 0, 15, 0, 0, 0, 1, 1, 17
"c:\xampp\htdocs\soften2-jobseeker-system\template-files\src\images\demo.svg", "XML", 0, 0, 0, 0, 0, 1, 0, 0, 0, 0, 0, 1
"c:\xampp\htdocs\soften2-jobseeker-system\template-files\src\images\deskapp-logo-white.svg", "XML", 0, 0, 0, 0, 0, 11, 0, 0, 0, 0, 1, 12
"c:\xampp\htdocs\soften2-jobseeker-system\template-files\src\images\deskapp-logo.svg", "XML", 0, 0, 0, 0, 0, 11, 0, 0, 0, 0, 1, 12
"c:\xampp\htdocs\soften2-jobseeker-system\template-files\src\images\github.svg", "XML", 0, 0, 0, 0, 0, 13, 0, 0, 0, 0, 1, 14
"c:\xampp\htdocs\soften2-jobseeker-system\template-files\src\images\menu-icon.svg", "XML", 0, 0, 0, 0, 0, 19, 0, 0, 0, 0, 1, 20
"c:\xampp\htdocs\soften2-jobseeker-system\template-files\src\images\page-icon.svg", "XML", 0, 0, 0, 0, 0, 11, 0, 0, 0, 0, 0, 11
"c:\xampp\htdocs\soften2-jobseeker-system\template-files\src\images\person.svg", "XML", 0, 0, 0, 0, 0, 9, 0, 0, 0, 0, 1, 10
"c:\xampp\htdocs\soften2-jobseeker-system\template-files\src\images\plyr.svg", "XML", 0, 0, 0, 0, 0, 1, 0, 0, 0, 0, 0, 1
"c:\xampp\htdocs\soften2-jobseeker-system\template-files\src\images\tick.svg", "XML", 0, 0, 0, 0, 0, 11, 0, 0, 0, 1, 1, 13
"c:\xampp\htdocs\soften2-jobseeker-system\template-files\src\plugins\air-datepicker\dist\css\datepicker.css", "CSS", 0, 0, 0, 574, 0, 0, 0, 0, 0, 12, 37, 623
"c:\xampp\htdocs\soften2-jobseeker-system\template-files\src\plugins\air-datepicker\dist\css\datepicker.min.css", "CSS", 0, 0, 0, 1, 0, 0, 0, 0, 0, 0, 0, 1
"c:\xampp\htdocs\soften2-jobseeker-system\template-files\src\plugins\air-datepicker\dist\js\datepicker.js", "JavaScript", 0, 0, 0, 0, 1790, 0, 0, 0, 0, 83, 363, 2236
"c:\xampp\htdocs\soften2-jobseeker-system\template-files\src\plugins\air-datepicker\dist\js\datepicker.min.js", "JavaScript", 0, 0, 0, 0, 2, 0, 0, 0, 0, 0, 0, 2
"c:\xampp\htdocs\soften2-jobseeker-system\template-files\src\plugins\air-datepicker\dist\js\i18n\datepicker.cs.js", "JavaScript", 0, 0, 0, 0, 12, 0, 0, 0, 0, 0, 0, 12
"c:\xampp\htdocs\soften2-jobseeker-system\template-files\src\plugins\air-datepicker\dist\js\i18n\datepicker.da.js", "JavaScript", 0, 0, 0, 0, 12, 0, 0, 0, 0, 0, 0, 12
"c:\xampp\htdocs\soften2-jobseeker-system\template-files\src\plugins\air-datepicker\dist\js\i18n\datepicker.de.js", "JavaScript", 0, 0, 0, 0, 13, 0, 0, 0, 0, 0, 0, 13
"c:\xampp\htdocs\soften2-jobseeker-system\template-files\src\plugins\air-datepicker\dist\js\i18n\datepicker.en.js", "JavaScript", 0, 0, 0, 0, 12, 0, 0, 0, 0, 0, 0, 12
"c:\xampp\htdocs\soften2-jobseeker-system\template-files\src\plugins\air-datepicker\dist\js\i18n\datepicker.es.js", "JavaScript", 0, 0, 0, 0, 12, 0, 0, 0, 0, 0, 0, 12
"c:\xampp\htdocs\soften2-jobseeker-system\template-files\src\plugins\air-datepicker\dist\js\i18n\datepicker.fi.js", "JavaScript", 0, 0, 0, 0, 13, 0, 0, 0, 0, 0, 0, 13
"c:\xampp\htdocs\soften2-jobseeker-system\template-files\src\plugins\air-datepicker\dist\js\i18n\datepicker.fr.js", "JavaScript", 0, 0, 0, 0, 12, 0, 0, 0, 0, 0, 0, 12
"c:\xampp\htdocs\soften2-jobseeker-system\template-files\src\plugins\air-datepicker\dist\js\i18n\datepicker.hu.js", "JavaScript", 0, 0, 0, 0, 12, 0, 0, 0, 0, 0, 0, 12
"c:\xampp\htdocs\soften2-jobseeker-system\template-files\src\plugins\air-datepicker\dist\js\i18n\datepicker.nl.js", "JavaScript", 0, 0, 0, 0, 12, 0, 0, 0, 0, 0, 0, 12
"c:\xampp\htdocs\soften2-jobseeker-system\template-files\src\plugins\air-datepicker\dist\js\i18n\datepicker.pl.js", "JavaScript", 0, 0, 0, 0, 13, 0, 0, 0, 0, 0, 0, 13
"c:\xampp\htdocs\soften2-jobseeker-system\template-files\src\plugins\air-datepicker\dist\js\i18n\datepicker.pt-BR.js", "JavaScript", 0, 0, 0, 0, 12, 0, 0, 0, 0, 0, 0, 12
"c:\xampp\htdocs\soften2-jobseeker-system\template-files\src\plugins\air-datepicker\dist\js\i18n\datepicker.pt.js", "JavaScript", 0, 0, 0, 0, 12, 0, 0, 0, 0, 0, 0, 12
"c:\xampp\htdocs\soften2-jobseeker-system\template-files\src\plugins\air-datepicker\dist\js\i18n\datepicker.ro.js", "JavaScript", 0, 0, 0, 0, 13, 0, 0, 0, 0, 0, 0, 13
"c:\xampp\htdocs\soften2-jobseeker-system\template-files\src\plugins\air-datepicker\dist\js\i18n\datepicker.sk.js", "JavaScript", 0, 0, 0, 0, 12, 0, 0, 0, 0, 0, 0, 12
"c:\xampp\htdocs\soften2-jobseeker-system\template-files\src\plugins\air-datepicker\dist\js\i18n\datepicker.zh.js", "JavaScript", 0, 0, 0, 0, 12, 0, 0, 0, 0, 0, 0, 12
"c:\xampp\htdocs\soften2-jobseeker-system\template-files\src\plugins\apexcharts\apexcharts.css", "CSS", 0, 0, 0, 527, 0, 0, 0, 0, 0, 5, 74, 606
"c:\xampp\htdocs\soften2-jobseeker-system\template-files\src\plugins\apexcharts\apexcharts.min.js", "JavaScript", 0, 0, 0, 0, 3, 0, 0, 0, 0, 11, 0, 14
"c:\xampp\htdocs\soften2-jobseeker-system\template-files\src\plugins\bootstrap-select\bootstrap-select.css", "CSS", 0, 0, 0, 449, 0, 0, 0, 0, 0, 8, 1, 458
"c:\xampp\htdocs\soften2-jobseeker-system\template-files\src\plugins\bootstrap-select\bootstrap-select.js", "JavaScript", 0, 0, 0, 0, 2417, 0, 0, 0, 0, 181, 548, 3146
"c:\xampp\htdocs\soften2-jobseeker-system\template-files\src\plugins\bootstrap-select\bootstrap-select.min.css", "CSS", 0, 0, 0, 1, 0, 0, 0, 0, 0, 5, 0, 6
"c:\xampp\htdocs\soften2-jobseeker-system\template-files\src\plugins\bootstrap-select\bootstrap-select.min.js", "JavaScript", 0, 0, 0, 0, 1, 0, 0, 0, 0, 7, 1, 9
"c:\xampp\htdocs\soften2-jobseeker-system\template-files\src\plugins\bootstrap-select\dist\css\bootstrap-select.css", "CSS", 0, 0, 0, 420, 0, 0, 0, 0, 0, 8, 1, 429
"c:\xampp\htdocs\soften2-jobseeker-system\template-files\src\plugins\bootstrap-select\dist\css\bootstrap-select.min.css", "CSS", 0, 0, 0, 1, 0, 0, 0, 0, 0, 5, 0, 6
"c:\xampp\htdocs\soften2-jobseeker-system\template-files\src\plugins\bootstrap-select\dist\js\bootstrap-select.js", "JavaScript", 0, 0, 0, 0, 2351, 0, 0, 0, 0, 179, 531, 3061
"c:\xampp\htdocs\soften2-jobseeker-system\template-files\src\plugins\bootstrap-select\dist\js\bootstrap-select.min.js", "JavaScript", 0, 0, 0, 0, 1, 0, 0, 0, 0, 7, 1, 9
"c:\xampp\htdocs\soften2-jobseeker-system\template-files\src\plugins\bootstrap-select\dist\js\i18n\defaults-am_ET.js", "JavaScript", 0, 0, 0, 0, 31, 0, 0, 0, 0, 11, 4, 46
"c:\xampp\htdocs\soften2-jobseeker-system\template-files\src\plugins\bootstrap-select\dist\js\i18n\defaults-am_ET.min.js", "JavaScript", 0, 0, 0, 0, 1, 0, 0, 0, 0, 6, 1, 8
"c:\xampp\htdocs\soften2-jobseeker-system\template-files\src\plugins\bootstrap-select\dist\js\i18n\defaults-ar_AR.js", "JavaScript", 0, 0, 0, 0, 31, 0, 0, 0, 0, 16, 4, 51
"c:\xampp\htdocs\soften2-jobseeker-system\template-files\src\plugins\bootstrap-select\dist\js\i18n\defaults-ar_AR.min.js", "JavaScript", 0, 0, 0, 0, 1, 0, 0, 0, 0, 6, 1, 8
"c:\xampp\htdocs\soften2-jobseeker-system\template-files\src\plugins\bootstrap-select\dist\js\i18n\defaults-bg_BG.js", "JavaScript", 0, 0, 0, 0, 31, 0, 0, 0, 0, 11, 4, 46
"c:\xampp\htdocs\soften2-jobseeker-system\template-files\src\plugins\bootstrap-select\dist\js\i18n\defaults-bg_BG.min.js", "JavaScript", 0, 0, 0, 0, 1, 0, 0, 0, 0, 6, 1, 8
"c:\xampp\htdocs\soften2-jobseeker-system\template-files\src\plugins\bootstrap-select\dist\js\i18n\defaults-cs_CZ.js", "JavaScript", 0, 0, 0, 0, 24, 0, 0, 0, 0, 11, 4, 39
"c:\xampp\htdocs\soften2-jobseeker-system\template-files\src\plugins\bootstrap-select\dist\js\i18n\defaults-cs_CZ.min.js", "JavaScript", 0, 0, 0, 0, 1, 0, 0, 0, 0, 6, 1, 8
"c:\xampp\htdocs\soften2-jobseeker-system\template-files\src\plugins\bootstrap-select\dist\js\i18n\defaults-da_DK.js", "JavaScript", 0, 0, 0, 0, 31, 0, 0, 0, 0, 11, 4, 46
"c:\xampp\htdocs\soften2-jobseeker-system\template-files\src\plugins\bootstrap-select\dist\js\i18n\defaults-da_DK.min.js", "JavaScript", 0, 0, 0, 0, 1, 0, 0, 0, 0, 6, 1, 8
"c:\xampp\htdocs\soften2-jobseeker-system\template-files\src\plugins\bootstrap-select\dist\js\i18n\defaults-de_DE.js", "JavaScript", 0, 0, 0, 0, 31, 0, 0, 0, 0, 11, 4, 46
"c:\xampp\htdocs\soften2-jobseeker-system\template-files\src\plugins\bootstrap-select\dist\js\i18n\defaults-de_DE.min.js", "JavaScript", 0, 0, 0, 0, 1, 0, 0, 0, 0, 6, 1, 8
"c:\xampp\htdocs\soften2-jobseeker-system\template-files\src\plugins\bootstrap-select\dist\js\i18n\defaults-en_US.js", "JavaScript", 0, 0, 0, 0, 31, 0, 0, 0, 0, 11, 4, 46
"c:\xampp\htdocs\soften2-jobseeker-system\template-files\src\plugins\bootstrap-select\dist\js\i18n\defaults-en_US.min.js", "JavaScript", 0, 0, 0, 0, 1, 0, 0, 0, 0, 6, 1, 8
"c:\xampp\htdocs\soften2-jobseeker-system\template-files\src\plugins\bootstrap-select\dist\js\i18n\defaults-es_CL.js", "JavaScript", 0, 0, 0, 0, 24, 0, 0, 0, 0, 11, 4, 39
"c:\xampp\htdocs\soften2-jobseeker-system\template-files\src\plugins\bootstrap-select\dist\js\i18n\defaults-es_CL.min.js", "JavaScript", 0, 0, 0, 0, 1, 0, 0, 0, 0, 6, 1, 8
"c:\xampp\htdocs\soften2-jobseeker-system\template-files\src\plugins\bootstrap-select\dist\js\i18n\defaults-es_ES.js", "JavaScript", 0, 0, 0, 0, 24, 0, 0, 0, 0, 11, 4, 39
"c:\xampp\htdocs\soften2-jobseeker-system\template-files\src\plugins\bootstrap-select\dist\js\i18n\defaults-es_ES.min.js", "JavaScript", 0, 0, 0, 0, 1, 0, 0, 0, 0, 6, 1, 8
"c:\xampp\htdocs\soften2-jobseeker-system\template-files\src\plugins\bootstrap-select\dist\js\i18n\defaults-et_EE.js", "JavaScript", 0, 0, 0, 0, 31, 0, 0, 0, 0, 11, 4, 46
"c:\xampp\htdocs\soften2-jobseeker-system\template-files\src\plugins\bootstrap-select\dist\js\i18n\defaults-et_EE.min.js", "JavaScript", 0, 0, 0, 0, 1, 0, 0, 0, 0, 6, 1, 8
"c:\xampp\htdocs\soften2-jobseeker-system\template-files\src\plugins\bootstrap-select\dist\js\i18n\defaults-eu.js", "JavaScript", 0, 0, 0, 0, 24, 0, 0, 0, 0, 11, 4, 39
"c:\xampp\htdocs\soften2-jobseeker-system\template-files\src\plugins\bootstrap-select\dist\js\i18n\defaults-eu.min.js", "JavaScript", 0, 0, 0, 0, 1, 0, 0, 0, 0, 6, 1, 8
"c:\xampp\htdocs\soften2-jobseeker-system\template-files\src\plugins\bootstrap-select\dist\js\i18n\defaults-fa_IR.js", "JavaScript", 0, 0, 0, 0, 24, 0, 0, 0, 0, 11, 4, 39
"c:\xampp\htdocs\soften2-jobseeker-system\template-files\src\plugins\bootstrap-select\dist\js\i18n\defaults-fa_IR.min.js", "JavaScript", 0, 0, 0, 0, 1, 0, 0, 0, 0, 6, 1, 8
"c:\xampp\htdocs\soften2-jobseeker-system\template-files\src\plugins\bootstrap-select\dist\js\i18n\defaults-fi_FI.js", "JavaScript", 0, 0, 0, 0, 31, 0, 0, 0, 0, 11, 4, 46
"c:\xampp\htdocs\soften2-jobseeker-system\template-files\src\plugins\bootstrap-select\dist\js\i18n\defaults-fi_FI.min.js", "JavaScript", 0, 0, 0, 0, 1, 0, 0, 0, 0, 6, 1, 8
"c:\xampp\htdocs\soften2-jobseeker-system\template-files\src\plugins\bootstrap-select\dist\js\i18n\defaults-fr_FR.js", "JavaScript", 0, 0, 0, 0, 31, 0, 0, 0, 0, 11, 4, 46
"c:\xampp\htdocs\soften2-jobseeker-system\template-files\src\plugins\bootstrap-select\dist\js\i18n\defaults-fr_FR.min.js", "JavaScript", 0, 0, 0, 0, 1, 0, 0, 0, 0, 6, 1, 8
"c:\xampp\htdocs\soften2-jobseeker-system\template-files\src\plugins\bootstrap-select\dist\js\i18n\defaults-hr_HR.js", "JavaScript", 0, 0, 0, 0, 31, 0, 0, 0, 0, 11, 4, 46
"c:\xampp\htdocs\soften2-jobseeker-system\template-files\src\plugins\bootstrap-select\dist\js\i18n\defaults-hr_HR.min.js", "JavaScript", 0, 0, 0, 0, 1, 0, 0, 0, 0, 6, 1, 8
"c:\xampp\htdocs\soften2-jobseeker-system\template-files\src\plugins\bootstrap-select\dist\js\i18n\defaults-hu_HU.js", "JavaScript", 0, 0, 0, 0, 31, 0, 0, 0, 0, 11, 4, 46
"c:\xampp\htdocs\soften2-jobseeker-system\template-files\src\plugins\bootstrap-select\dist\js\i18n\defaults-hu_HU.min.js", "JavaScript", 0, 0, 0, 0, 1, 0, 0, 0, 0, 6, 1, 8
"c:\xampp\htdocs\soften2-jobseeker-system\template-files\src\plugins\bootstrap-select\dist\js\i18n\defaults-id_ID.js", "JavaScript", 0, 0, 0, 0, 24, 0, 0, 0, 0, 11, 4, 39
"c:\xampp\htdocs\soften2-jobseeker-system\template-files\src\plugins\bootstrap-select\dist\js\i18n\defaults-id_ID.min.js", "JavaScript", 0, 0, 0, 0, 1, 0, 0, 0, 0, 6, 1, 8
"c:\xampp\htdocs\soften2-jobseeker-system\template-files\src\plugins\bootstrap-select\dist\js\i18n\defaults-it_IT.js", "JavaScript", 0, 0, 0, 0, 26, 0, 0, 0, 0, 11, 4, 41
"c:\xampp\htdocs\soften2-jobseeker-system\template-files\src\plugins\bootstrap-select\dist\js\i18n\defaults-it_IT.min.js", "JavaScript", 0, 0, 0, 0, 1, 0, 0, 0, 0, 6, 1, 8
"c:\xampp\htdocs\soften2-jobseeker-system\template-files\src\plugins\bootstrap-select\dist\js\i18n\defaults-ja_JP.js", "JavaScript", 0, 0, 0, 0, 24, 0, 0, 0, 0, 11, 4, 39
"c:\xampp\htdocs\soften2-jobseeker-system\template-files\src\plugins\bootstrap-select\dist\js\i18n\defaults-ja_JP.min.js", "JavaScript", 0, 0, 0, 0, 1, 0, 0, 0, 0, 6, 1, 8
"c:\xampp\htdocs\soften2-jobseeker-system\template-files\src\plugins\bootstrap-select\dist\js\i18n\defaults-kh_KM.js", "JavaScript", 0, 0, 0, 0, 31, 0, 0, 0, 0, 11, 4, 46
"c:\xampp\htdocs\soften2-jobseeker-system\template-files\src\plugins\bootstrap-select\dist\js\i18n\defaults-kh_KM.min.js", "JavaScript", 0, 0, 0, 0, 1, 0, 0, 0, 0, 6, 1, 8
"c:\xampp\htdocs\soften2-jobseeker-system\template-files\src\plugins\bootstrap-select\dist\js\i18n\defaults-ko_KR.js", "JavaScript", 0, 0, 0, 0, 31, 0, 0, 0, 0, 11, 4, 46
"c:\xampp\htdocs\soften2-jobseeker-system\template-files\src\plugins\bootstrap-select\dist\js\i18n\defaults-ko_KR.min.js", "JavaScript", 0, 0, 0, 0, 1, 0, 0, 0, 0, 6, 1, 8
"c:\xampp\htdocs\soften2-jobseeker-system\template-files\src\plugins\bootstrap-select\dist\js\i18n\defaults-lt_LT.js", "JavaScript", 0, 0, 0, 0, 31, 0, 0, 0, 0, 11, 4, 46
"c:\xampp\htdocs\soften2-jobseeker-system\template-files\src\plugins\bootstrap-select\dist\js\i18n\defaults-lt_LT.min.js", "JavaScript", 0, 0, 0, 0, 1, 0, 0, 0, 0, 6, 1, 8
"c:\xampp\htdocs\soften2-jobseeker-system\template-files\src\plugins\bootstrap-select\dist\js\i18n\defaults-lv_LV.js", "JavaScript", 0, 0, 0, 0, 31, 0, 0, 0, 0, 11, 4, 46
"c:\xampp\htdocs\soften2-jobseeker-system\template-files\src\plugins\bootstrap-select\dist\js\i18n\defaults-lv_LV.min.js", "JavaScript", 0, 0, 0, 0, 1, 0, 0, 0, 0, 6, 1, 8
"c:\xampp\htdocs\soften2-jobseeker-system\template-files\src\plugins\bootstrap-select\dist\js\i18n\defaults-nb_NO.js", "JavaScript", 0, 0, 0, 0, 31, 0, 0, 0, 0, 11, 4, 46
"c:\xampp\htdocs\soften2-jobseeker-system\template-files\src\plugins\bootstrap-select\dist\js\i18n\defaults-nb_NO.min.js", "JavaScript", 0, 0, 0, 0, 1, 0, 0, 0, 0, 6, 1, 8
"c:\xampp\htdocs\soften2-jobseeker-system\template-files\src\plugins\bootstrap-select\dist\js\i18n\defaults-nl_NL.js", "JavaScript", 0, 0, 0, 0, 24, 0, 0, 0, 0, 11, 4, 39
"c:\xampp\htdocs\soften2-jobseeker-system\template-files\src\plugins\bootstrap-select\dist\js\i18n\defaults-nl_NL.min.js", "JavaScript", 0, 0, 0, 0, 1, 0, 0, 0, 0, 6, 1, 8
"c:\xampp\htdocs\soften2-jobseeker-system\template-files\src\plugins\bootstrap-select\dist\js\i18n\defaults-pl_PL.js", "JavaScript", 0, 0, 0, 0, 24, 0, 0, 0, 0, 11, 4, 39
"c:\xampp\htdocs\soften2-jobseeker-system\template-files\src\plugins\bootstrap-select\dist\js\i18n\defaults-pl_PL.min.js", "JavaScript", 0, 0, 0, 0, 1, 0, 0, 0, 0, 6, 1, 8
"c:\xampp\htdocs\soften2-jobseeker-system\template-files\src\plugins\bootstrap-select\dist\js\i18n\defaults-pt_BR.js", "JavaScript", 0, 0, 0, 0, 24, 0, 0, 0, 0, 11, 4, 39
"c:\xampp\htdocs\soften2-jobseeker-system\template-files\src\plugins\bootstrap-select\dist\js\i18n\defaults-pt_BR.min.js", "JavaScript", 0, 0, 0, 0, 1, 0, 0, 0, 0, 6, 1, 8
"c:\xampp\htdocs\soften2-jobseeker-system\template-files\src\plugins\bootstrap-select\dist\js\i18n\defaults-pt_PT.js", "JavaScript", 0, 0, 0, 0, 24, 0, 0, 0, 0, 11, 4, 39
"c:\xampp\htdocs\soften2-jobseeker-system\template-files\src\plugins\bootstrap-select\dist\js\i18n\defaults-pt_PT.min.js", "JavaScript", 0, 0, 0, 0, 1, 0, 0, 0, 0, 6, 1, 8
"c:\xampp\htdocs\soften2-jobseeker-system\template-files\src\plugins\bootstrap-select\dist\js\i18n\defaults-ro_RO.js", "JavaScript", 0, 0, 0, 0, 25, 0, 0, 0, 0, 11, 4, 40
"c:\xampp\htdocs\soften2-jobseeker-system\template-files\src\plugins\bootstrap-select\dist\js\i18n\defaults-ro_RO.min.js", "JavaScript", 0, 0, 0, 0, 1, 0, 0, 0, 0, 6, 1, 8
"c:\xampp\htdocs\soften2-jobseeker-system\template-files\src\plugins\bootstrap-select\dist\js\i18n\defaults-ru_RU.js", "JavaScript", 0, 0, 0, 0, 25, 0, 0, 0, 0, 11, 4, 40
"c:\xampp\htdocs\soften2-jobseeker-system\template-files\src\plugins\bootstrap-select\dist\js\i18n\defaults-ru_RU.min.js", "JavaScript", 0, 0, 0, 0, 1, 0, 0, 0, 0, 6, 1, 8
"c:\xampp\htdocs\soften2-jobseeker-system\template-files\src\plugins\bootstrap-select\dist\js\i18n\defaults-sk_SK.js", "JavaScript", 0, 0, 0, 0, 24, 0, 0, 0, 0, 11, 4, 39
"c:\xampp\htdocs\soften2-jobseeker-system\template-files\src\plugins\bootstrap-select\dist\js\i18n\defaults-sk_SK.min.js", "JavaScript", 0, 0, 0, 0, 1, 0, 0, 0, 0, 6, 1, 8
"c:\xampp\htdocs\soften2-jobseeker-system\template-files\src\plugins\bootstrap-select\dist\js\i18n\defaults-sl_SI.js", "JavaScript", 0, 0, 0, 0, 29, 0, 0, 0, 0, 11, 4, 44
"c:\xampp\htdocs\soften2-jobseeker-system\template-files\src\plugins\bootstrap-select\dist\js\i18n\defaults-sl_SI.min.js", "JavaScript", 0, 0, 0, 0, 1, 0, 0, 0, 0, 6, 1, 8
"c:\xampp\htdocs\soften2-jobseeker-system\template-files\src\plugins\bootstrap-select\dist\js\i18n\defaults-sv_SE.js", "JavaScript", 0, 0, 0, 0, 31, 0, 0, 0, 0, 11, 4, 46
"c:\xampp\htdocs\soften2-jobseeker-system\template-files\src\plugins\bootstrap-select\dist\js\i18n\defaults-sv_SE.min.js", "JavaScript", 0, 0, 0, 0, 1, 0, 0, 0, 0, 6, 1, 8
"c:\xampp\htdocs\soften2-jobseeker-system\template-files\src\plugins\bootstrap-select\dist\js\i18n\defaults-tr_TR.js", "JavaScript", 0, 0, 0, 0, 31, 0, 0, 0, 0, 11, 4, 46
"c:\xampp\htdocs\soften2-jobseeker-system\template-files\src\plugins\bootstrap-select\dist\js\i18n\defaults-tr_TR.min.js", "JavaScript", 0, 0, 0, 0, 1, 0, 0, 0, 0, 6, 1, 8
"c:\xampp\htdocs\soften2-jobseeker-system\template-files\src\plugins\bootstrap-select\dist\js\i18n\defaults-ua_UA.js", "JavaScript", 0, 0, 0, 0, 24, 0, 0, 0, 0, 11, 4, 39
"c:\xampp\htdocs\soften2-jobseeker-system\template-files\src\plugins\bootstrap-select\dist\js\i18n\defaults-ua_UA.min.js", "JavaScript", 0, 0, 0, 0, 1, 0, 0, 0, 0, 6, 1, 8
"c:\xampp\htdocs\soften2-jobseeker-system\template-files\src\plugins\bootstrap-select\dist\js\i18n\defaults-vi_VN.js", "JavaScript", 0, 0, 0, 0, 31, 0, 0, 0, 0, 11, 4, 46
"c:\xampp\htdocs\soften2-jobseeker-system\template-files\src\plugins\bootstrap-select\dist\js\i18n\defaults-vi_VN.min.js", "JavaScript", 0, 0, 0, 0, 1, 0, 0, 0, 0, 6, 1, 8
"c:\xampp\htdocs\soften2-jobseeker-system\template-files\src\plugins\bootstrap-select\dist\js\i18n\defaults-zh_CN.js", "JavaScript", 0, 0, 0, 0, 24, 0, 0, 0, 0, 11, 4, 39
"c:\xampp\htdocs\soften2-jobseeker-system\template-files\src\plugins\bootstrap-select\dist\js\i18n\defaults-zh_CN.min.js", "JavaScript", 0, 0, 0, 0, 1, 0, 0, 0, 0, 6, 1, 8
"c:\xampp\htdocs\soften2-jobseeker-system\template-files\src\plugins\bootstrap-select\dist\js\i18n\defaults-zh_TW.js", "JavaScript", 0, 0, 0, 0, 24, 0, 0, 0, 0, 11, 4, 39
"c:\xampp\htdocs\soften2-jobseeker-system\template-files\src\plugins\bootstrap-select\dist\js\i18n\defaults-zh_TW.min.js", "JavaScript", 0, 0, 0, 0, 1, 0, 0, 0, 0, 6, 1, 8
"c:\xampp\htdocs\soften2-jobseeker-system\template-files\src\plugins\bootstrap-select\js\bootstrap-select.js", "JavaScript", 0, 0, 0, 0, 1469, 0, 0, 0, 0, 130, 248, 1847
"c:\xampp\htdocs\soften2-jobseeker-system\template-files\src\plugins\bootstrap-select\js\i18n\defaults-ar_AR.js", "JavaScript", 0, 0, 0, 0, 18, 0, 0, 0, 0, 5, 1, 24
"c:\xampp\htdocs\soften2-jobseeker-system\template-files\src\plugins\bootstrap-select\js\i18n\defaults-bg_BG.js", "JavaScript", 0, 0, 0, 0, 18, 0, 0, 0, 0, 5, 1, 24
"c:\xampp\htdocs\soften2-jobseeker-system\template-files\src\plugins\bootstrap-select\js\i18n\defaults-cro_CRO.js", "JavaScript", 0, 0, 0, 0, 18, 0, 0, 0, 0, 5, 1, 24
"c:\xampp\htdocs\soften2-jobseeker-system\template-files\src\plugins\bootstrap-select\js\i18n\defaults-cs_CZ.js", "JavaScript", 0, 0, 0, 0, 11, 0, 0, 0, 0, 5, 1, 17
"c:\xampp\htdocs\soften2-jobseeker-system\template-files\src\plugins\bootstrap-select\js\i18n\defaults-da_DK.js", "JavaScript", 0, 0, 0, 0, 18, 0, 0, 0, 0, 5, 1, 24
"c:\xampp\htdocs\soften2-jobseeker-system\template-files\src\plugins\bootstrap-select\js\i18n\defaults-de_DE.js", "JavaScript", 0, 0, 0, 0, 18, 0, 0, 0, 0, 5, 1, 24
"c:\xampp\htdocs\soften2-jobseeker-system\template-files\src\plugins\bootstrap-select\js\i18n\defaults-en_US.js", "JavaScript", 0, 0, 0, 0, 18, 0, 0, 0, 0, 5, 1, 24
"c:\xampp\htdocs\soften2-jobseeker-system\template-files\src\plugins\bootstrap-select\js\i18n\defaults-es_CL.js", "JavaScript", 0, 0, 0, 0, 11, 0, 0, 0, 0, 5, 1, 17
"c:\xampp\htdocs\soften2-jobseeker-system\template-files\src\plugins\bootstrap-select\js\i18n\defaults-es_ES.js", "JavaScript", 0, 0, 0, 0, 11, 0, 0, 0, 0, 5, 1, 17
"c:\xampp\htdocs\soften2-jobseeker-system\template-files\src\plugins\bootstrap-select\js\i18n\defaults-et_EE.js", "JavaScript", 0, 0, 0, 0, 18, 0, 0, 0, 0, 5, 1, 24
"c:\xampp\htdocs\soften2-jobseeker-system\template-files\src\plugins\bootstrap-select\js\i18n\defaults-eu.js", "JavaScript", 0, 0, 0, 0, 11, 0, 0, 0, 0, 5, 1, 17
"c:\xampp\htdocs\soften2-jobseeker-system\template-files\src\plugins\bootstrap-select\js\i18n\defaults-fa_IR.js", "JavaScript", 0, 0, 0, 0, 11, 0, 0, 0, 0, 5, 1, 17
"c:\xampp\htdocs\soften2-jobseeker-system\template-files\src\plugins\bootstrap-select\js\i18n\defaults-fi_FI.js", "JavaScript", 0, 0, 0, 0, 18, 0, 0, 0, 0, 5, 1, 24
"c:\xampp\htdocs\soften2-jobseeker-system\template-files\src\plugins\bootstrap-select\js\i18n\defaults-fr_FR.js", "JavaScript", 0, 0, 0, 0, 18, 0, 0, 0, 0, 5, 1, 24
"c:\xampp\htdocs\soften2-jobseeker-system\template-files\src\plugins\bootstrap-select\js\i18n\defaults-hu_HU.js", "JavaScript", 0, 0, 0, 0, 18, 0, 0, 0, 0, 5, 1, 24
"c:\xampp\htdocs\soften2-jobseeker-system\template-files\src\plugins\bootstrap-select\js\i18n\defaults-id_ID.js", "JavaScript", 0, 0, 0, 0, 11, 0, 0, 0, 0, 5, 1, 17
"c:\xampp\htdocs\soften2-jobseeker-system\template-files\src\plugins\bootstrap-select\js\i18n\defaults-it_IT.js", "JavaScript", 0, 0, 0, 0, 13, 0, 0, 0, 0, 6, 1, 20
"c:\xampp\htdocs\soften2-jobseeker-system\template-files\src\plugins\bootstrap-select\js\i18n\defaults-ja_JP.js", "JavaScript", 0, 0, 0, 0, 11, 0, 0, 0, 0, 6, 1, 18
"c:\xampp\htdocs\soften2-jobseeker-system\template-files\src\plugins\bootstrap-select\js\i18n\defaults-kh_KM.js", "JavaScript", 0, 0, 0, 0, 18, 0, 0, 0, 0, 5, 1, 24
"c:\xampp\htdocs\soften2-jobseeker-system\template-files\src\plugins\bootstrap-select\js\i18n\defaults-ko_KR.js", "JavaScript", 0, 0, 0, 0, 18, 0, 0, 0, 0, 5, 1, 24
"c:\xampp\htdocs\soften2-jobseeker-system\template-files\src\plugins\bootstrap-select\js\i18n\defaults-lt_LT.js", "JavaScript", 0, 0, 0, 0, 18, 0, 0, 0, 0, 5, 1, 24
"c:\xampp\htdocs\soften2-jobseeker-system\template-files\src\plugins\bootstrap-select\js\i18n\defaults-nb_NO.js", "JavaScript", 0, 0, 0, 0, 18, 0, 0, 0, 0, 5, 1, 24
"c:\xampp\htdocs\soften2-jobseeker-system\template-files\src\plugins\bootstrap-select\js\i18n\defaults-nl_NL.js", "JavaScript", 0, 0, 0, 0, 11, 0, 0, 0, 0, 6, 1, 18
"c:\xampp\htdocs\soften2-jobseeker-system\template-files\src\plugins\bootstrap-select\js\i18n\defaults-pl_PL.js", "JavaScript", 0, 0, 0, 0, 11, 0, 0, 0, 0, 5, 1, 17
"c:\xampp\htdocs\soften2-jobseeker-system\template-files\src\plugins\bootstrap-select\js\i18n\defaults-pt_BR.js", "JavaScript", 0, 0, 0, 0, 11, 0, 0, 0, 0, 6, 1, 18
"c:\xampp\htdocs\soften2-jobseeker-system\template-files\src\plugins\bootstrap-select\js\i18n\defaults-pt_PT.js", "JavaScript", 0, 0, 0, 0, 11, 0, 0, 0, 0, 6, 1, 18
"c:\xampp\htdocs\soften2-jobseeker-system\template-files\src\plugins\bootstrap-select\js\i18n\defaults-ro_RO.js", "JavaScript", 0, 0, 0, 0, 12, 0, 0, 0, 0, 6, 1, 19
"c:\xampp\htdocs\soften2-jobseeker-system\template-files\src\plugins\bootstrap-select\js\i18n\defaults-ru_RU.js", "JavaScript", 0, 0, 0, 0, 12, 0, 0, 0, 0, 5, 1, 18
"c:\xampp\htdocs\soften2-jobseeker-system\template-files\src\plugins\bootstrap-select\js\i18n\defaults-sk_SK.js", "JavaScript", 0, 0, 0, 0, 11, 0, 0, 0, 0, 5, 1, 17
"c:\xampp\htdocs\soften2-jobseeker-system\template-files\src\plugins\bootstrap-select\js\i18n\defaults-sl_SI.js", "JavaScript", 0, 0, 0, 0, 16, 0, 0, 0, 0, 5, 1, 22
"c:\xampp\htdocs\soften2-jobseeker-system\template-files\src\plugins\bootstrap-select\js\i18n\defaults-sv_SE.js", "JavaScript", 0, 0, 0, 0, 18, 0, 0, 0, 0, 5, 1, 24
"c:\xampp\htdocs\soften2-jobseeker-system\template-files\src\plugins\bootstrap-select\js\i18n\defaults-tr_TR.js", "JavaScript", 0, 0, 0, 0, 18, 0, 0, 0, 0, 6, 1, 25
"c:\xampp\htdocs\soften2-jobseeker-system\template-files\src\plugins\bootstrap-select\js\i18n\defaults-ua_UA.js", "JavaScript", 0, 0, 0, 0, 11, 0, 0, 0, 0, 5, 1, 17
"c:\xampp\htdocs\soften2-jobseeker-system\template-files\src\plugins\bootstrap-select\js\i18n\defaults-vi_VN.js", "JavaScript", 0, 0, 0, 0, 18, 0, 0, 0, 0, 5, 1, 24
"c:\xampp\htdocs\soften2-jobseeker-system\template-files\src\plugins\bootstrap-select\js\i18n\defaults-zh_CN.js", "JavaScript", 0, 0, 0, 0, 11, 0, 0, 0, 0, 5, 1, 17
"c:\xampp\htdocs\soften2-jobseeker-system\template-files\src\plugins\bootstrap-select\js\i18n\defaults-zh_TW.js", "JavaScript", 0, 0, 0, 0, 11, 0, 0, 0, 0, 5, 1, 17
"c:\xampp\htdocs\soften2-jobseeker-system\template-files\src\plugins\bootstrap-select\test.html", "HTML", 0, 0, 0, 0, 0, 0, 0, 283, 0, 1, 37, 321
"c:\xampp\htdocs\soften2-jobseeker-system\template-files\src\plugins\bootstrap-tagsinput\bootstrap-tagsinput.css", "CSS", 0, 0, 0, 55, 0, 0, 0, 0, 0, 4, 2, 61
"c:\xampp\htdocs\soften2-jobseeker-system\template-files\src\plugins\bootstrap-tagsinput\bootstrap-tagsinput.js", "JavaScript", 0, 0, 0, 0, 462, 0, 0, 0, 0, 118, 98, 678
"c:\xampp\htdocs\soften2-jobseeker-system\template-files\src\plugins\bootstrap-touchspin\jquery.bootstrap-touchspin.css", "CSS", 0, 0, 0, 23, 0, 0, 0, 0, 0, 9, 4, 36
"c:\xampp\htdocs\soften2-jobseeker-system\template-files\src\plugins\bootstrap-touchspin\jquery.bootstrap-touchspin.js", "JavaScript", 0, 0, 0, 0, 596, 0, 0, 0, 0, 9, 144, 749
"c:\xampp\htdocs\soften2-jobseeker-system\template-files\src\plugins\bootstrap-wysihtml5-master\bootstrap-wysihtml5.css", "CSS", 0, 0, 0, 66, 0, 0, 0, 0, 0, 0, 14, 80
"c:\xampp\htdocs\soften2-jobseeker-system\template-files\src\plugins\bootstrap-wysihtml5-master\bootstrap-wysihtml5.js", "JavaScript", 0, 0, 0, 0, 435, 0, 0, 0, 0, 3, 52, 490
"c:\xampp\htdocs\soften2-jobseeker-system\template-files\src\plugins\bootstrap\bootstrap.css", "CSS", 0, 0, 0, 9016, 0, 0, 0, 0, 0, 7, 1201, 10224
"c:\xampp\htdocs\soften2-jobseeker-system\template-files\src\plugins\bootstrap\bootstrap.js", "JavaScript", 0, 0, 0, 0, 3347, 0, 0, 0, 0, 325, 849, 4521
"c:\xampp\htdocs\soften2-jobseeker-system\template-files\src\plugins\bootstrap\bootstrap.min.css", "CSS", 0, 0, 0, 1, 0, 0, 0, 0, 0, 6, 0, 7
"c:\xampp\htdocs\soften2-jobseeker-system\template-files\src\plugins\bootstrap\bootstrap.min.js", "JavaScript", 0, 0, 0, 0, 1, 0, 0, 0, 0, 6, 0, 7
"c:\xampp\htdocs\soften2-jobseeker-system\template-files\src\plugins\bootstrap\popper.min.js", "JavaScript", 0, 0, 0, 0, 1, 0, 0, 0, 0, 4, 0, 5
"c:\xampp\htdocs\soften2-jobseeker-system\template-files\src\plugins\cropperjs\dist\cropper-init.js", "JavaScript", 0, 0, 0, 0, 241, 0, 0, 0, 0, 8, 52, 301
"c:\xampp\htdocs\soften2-jobseeker-system\template-files\src\plugins\cropperjs\dist\cropper.common.js", "JavaScript", 0, 0, 0, 0, 2491, 0, 0, 0, 0, 444, 688, 3623
"c:\xampp\htdocs\soften2-jobseeker-system\template-files\src\plugins\cropperjs\dist\cropper.css", "CSS", 0, 0, 0, 254, 0, 0, 0, 0, 0, 10, 42, 306
"c:\xampp\htdocs\soften2-jobseeker-system\template-files\src\plugins\cropperjs\dist\cropper.esm.js", "JavaScript", 0, 0, 0, 0, 2490, 0, 0, 0, 0, 444, 687, 3621
"c:\xampp\htdocs\soften2-jobseeker-system\template-files\src\plugins\cropperjs\dist\cropper.js", "JavaScript", 0, 0, 0, 0, 2496, 0, 0, 0, 0, 444, 689, 3629
"c:\xampp\htdocs\soften2-jobseeker-system\template-files\src\plugins\cropperjs\dist\cropper.min.css", "CSS", 0, 0, 0, 1, 0, 0, 0, 0, 0, 8, 0, 9
"c:\xampp\htdocs\soften2-jobseeker-system\template-files\src\plugins\cropperjs\dist\cropper.min.js", "JavaScript", 0, 0, 0, 0, 1, 0, 0, 0, 0, 9, 0, 10
"c:\xampp\htdocs\soften2-jobseeker-system\template-files\src\plugins\datatables\css\dataTables.bootstrap4.min.css", "CSS", 0, 0, 0, 1, 0, 0, 0, 0, 0, 0, 1, 2
"c:\xampp\htdocs\soften2-jobseeker-system\template-files\src\plugins\datatables\css\jquery.dataTables.min.css", "CSS", 0, 0, 0, 1, 0, 0, 0, 0, 0, 0, 1, 2
"c:\xampp\htdocs\soften2-jobseeker-system\template-files\src\plugins\datatables\css\responsive.bootstrap4.min.css", "CSS", 0, 0, 0, 1, 0, 0, 0, 0, 0, 0, 1, 2
"c:\xampp\htdocs\soften2-jobseeker-system\template-files\src\plugins\datatables\css\responsive.dataTables.min.css", "CSS", 0, 0, 0, 1, 0, 0, 0, 0, 0, 0, 1, 2
"c:\xampp\htdocs\soften2-jobseeker-system\template-files\src\plugins\datatables\js\buttons.bootstrap4.min.js", "JavaScript", 0, 0, 0, 0, 2, 0, 0, 0, 0, 4, 1, 7
"c:\xampp\htdocs\soften2-jobseeker-system\template-files\src\plugins\datatables\js\buttons.flash.min.js", "JavaScript", 0, 0, 0, 0, 32, 0, 0, 0, 0, 7, 1, 40
"c:\xampp\htdocs\soften2-jobseeker-system\template-files\src\plugins\datatables\js\buttons.html5.min.js", "JavaScript", 0, 0, 0, 0, 28, 0, 0, 0, 0, 7, 1, 36
"c:\xampp\htdocs\soften2-jobseeker-system\template-files\src\plugins\datatables\js\buttons.print.min.js", "JavaScript", 0, 0, 0, 0, 5, 0, 0, 0, 0, 4, 1, 10
"c:\xampp\htdocs\soften2-jobseeker-system\template-files\src\plugins\datatables\js\dataTables.bootstrap4.min.js", "JavaScript", 0, 0, 0, 0, 7, 0, 0, 0, 0, 4, 1, 12
"c:\xampp\htdocs\soften2-jobseeker-system\template-files\src\plugins\datatables\js\dataTables.buttons.min.js", "JavaScript", 0, 0, 0, 0, 38, 0, 0, 0, 0, 4, 1, 43
"c:\xampp\htdocs\soften2-jobseeker-system\template-files\src\plugins\datatables\js\dataTables.responsive.min.js", "JavaScript", 0, 0, 0, 0, 26, 0, 0, 0, 0, 4, 1, 31
"c:\xampp\htdocs\soften2-jobseeker-system\template-files\src\plugins\datatables\js\jquery.dataTables.min.js", "JavaScript", 0, 0, 0, 0, 166, 0, 0, 0, 0, 14, 1, 181
"c:\xampp\htdocs\soften2-jobseeker-system\template-files\src\plugins\datatables\js\jszip.min.js", "JavaScript", 0, 0, 0, 0, 3, 0, 0, 0, 0, 11, 0, 14
"c:\xampp\htdocs\soften2-jobseeker-system\template-files\src\plugins\datatables\js\pdfmake.min.js", "JavaScript", 0, 0, 0, 0, 1, 0, 0, 0, 0, 2, 1, 4
"c:\xampp\htdocs\soften2-jobseeker-system\template-files\src\plugins\datatables\js\responsive.bootstrap4.min.js", "JavaScript", 0, 0, 0, 0, 2, 0, 0, 0, 0, 4, 1, 7
"c:\xampp\htdocs\soften2-jobseeker-system\template-files\src\plugins\datatables\js\vfs_fonts.js", "JavaScript", 0, 0, 0, 0, 6, 0, 0, 0, 0, 0, 0, 6
"c:\xampp\htdocs\soften2-jobseeker-system\template-files\src\plugins\dropzone\src\basic.scss", "SCSS", 0, 0, 0, 0, 0, 0, 47, 0, 0, 19, 12, 78
"c:\xampp\htdocs\soften2-jobseeker-system\template-files\src\plugins\dropzone\src\dropzone.css", "CSS", 0, 0, 0, 465, 0, 0, 0, 0, 0, 4, 17, 486
"c:\xampp\htdocs\soften2-jobseeker-system\template-files\src\plugins\dropzone\src\dropzone.js", "JavaScript", 0, 0, 0, 0, 1811, 0, 0, 0, 0, 616, 426, 2853
"c:\xampp\htdocs\soften2-jobseeker-system\template-files\src\plugins\dropzone\src\dropzone.scss", "SCSS", 0, 0, 0, 0, 0, 0, 300, 0, 0, 25, 89, 414
"c:\xampp\htdocs\soften2-jobseeker-system\template-files\src\plugins\fancybox\dist\jquery.fancybox.css", "CSS", 0, 0, 0, 630, 0, 0, 0, 0, 0, 15, 108, 753
"c:\xampp\htdocs\soften2-jobseeker-system\template-files\src\plugins\fancybox\dist\jquery.fancybox.js", "JavaScript", 0, 0, 0, 0, 3060, 0, 0, 0, 0, 570, 1523, 5153
"c:\xampp\htdocs\soften2-jobseeker-system\template-files\src\plugins\fancybox\dist\jquery.fancybox.min.css", "CSS", 0, 0, 0, 1, 0, 0, 0, 0, 0, 0, 0, 1
"c:\xampp\htdocs\soften2-jobseeker-system\template-files\src\plugins\fancybox\dist\jquery.fancybox.min.js", "JavaScript", 0, 0, 0, 0, 2, 0, 0, 0, 0, 10, 0, 12
"c:\xampp\htdocs\soften2-jobseeker-system\template-files\src\plugins\fullcalendar\fullcalendar.css", "CSS", 0, 0, 0, 811, 0, 0, 0, 0, 0, 253, 230, 1294
"c:\xampp\htdocs\soften2-jobseeker-system\template-files\src\plugins\fullcalendar\fullcalendar.min.js", "JavaScript", 0, 0, 0, 0, 7, 0, 0, 0, 0, 5, 0, 12
"c:\xampp\htdocs\soften2-jobseeker-system\template-files\src\plugins\highcharts-6.0.7\code\highcharts-3d.js", "JavaScript", 0, 0, 0, 0, 73, 0, 0, 0, 0, 7, 1, 81
"c:\xampp\htdocs\soften2-jobseeker-system\template-files\src\plugins\highcharts-6.0.7\code\highcharts-3d.src.js", "JavaScript", 0, 0, 0, 0, 3250, 0, 0, 0, 0, 801, 387, 4438
"c:\xampp\htdocs\soften2-jobseeker-system\template-files\src\plugins\highcharts-6.0.7\code\highcharts-more.js", "JavaScript", 0, 0, 0, 0, 63, 0, 0, 0, 0, 7, 1, 71
"c:\xampp\htdocs\soften2-jobseeker-system\template-files\src\plugins\highcharts-6.0.7\code\highcharts-more.src.js", "JavaScript", 0, 0, 0, 0, 2594, 0, 0, 0, 0, 2379, 644, 5617
"c:\xampp\htdocs\soften2-jobseeker-system\template-files\src\plugins\highcharts-6.0.7\code\highcharts.js", "JavaScript", 0, 0, 0, 0, 386, 0, 0, 0, 0, 7, 1, 394
"c:\xampp\htdocs\soften2-jobseeker-system\template-files\src\plugins\highcharts-6.0.7\code\highcharts.src.js", "JavaScript", 0, 0, 0, 0, 16740, 0, 0, 0, 0, 14833, 3884, 35457
"c:\xampp\htdocs\soften2-jobseeker-system\template-files\src\plugins\highlight.js\src\highlight.js", "JavaScript", 0, 0, 0, 0, 625, 0, 0, 0, 0, 96, 96, 817
"c:\xampp\htdocs\soften2-jobseeker-system\template-files\src\plugins\highlight.js\src\highlight.pack.js", "JavaScript", 0, 0, 0, 0, 14, 0, 0, 0, 0, 1, 0, 15
"c:\xampp\htdocs\soften2-jobseeker-system\template-files\src\plugins\highlight.js\src\styles\solarized-dark.css", "CSS", 0, 0, 0, 62, 0, 0, 0, 0, 0, 11, 12, 85
"c:\xampp\htdocs\soften2-jobseeker-system\template-files\src\plugins\ion-rangeslider\css\ion.rangeSlider.css", "CSS", 0, 0, 0, 670, 0, 0, 0, 0, 0, 5, 1, 676
"c:\xampp\htdocs\soften2-jobseeker-system\template-files\src\plugins\ion-rangeslider\js\ion.rangeSlider.min.js", "JavaScript", 0, 0, 0, 0, 1, 0, 0, 0, 0, 1, 0, 2
"c:\xampp\htdocs\soften2-jobseeker-system\template-files\src\plugins\jQuery-Knob-master\jquery.knob.min.js", "JavaScript", 0, 0, 0, 0, 1, 0, 0, 0, 0, 0, 0, 1
"c:\xampp\htdocs\soften2-jobseeker-system\template-files\src\plugins\jquery-asColorPicker\dist\css\asColorPicker.css", "CSS", 0, 0, 0, 344, 0, 0, 0, 0, 0, 7, 32, 383
"c:\xampp\htdocs\soften2-jobseeker-system\template-files\src\plugins\jquery-asColorPicker\jquery-asColorPicker.js", "JavaScript", 0, 0, 0, 0, 2196, 0, 0, 0, 0, 52, 301, 2549
"c:\xampp\htdocs\soften2-jobseeker-system\template-files\src\plugins\jquery-asColor\dist\jquery-asColor.js", "JavaScript", 0, 0, 0, 0, 1045, 0, 0, 0, 0, 11, 84, 1140
"c:\xampp\htdocs\soften2-jobseeker-system\template-files\src\plugins\jquery-asGradient\dist\jquery-asGradient.js", "JavaScript", 0, 0, 0, 0, 773, 0, 0, 0, 0, 8, 79, 860
"c:\xampp\htdocs\soften2-jobseeker-system\template-files\src\plugins\jquery-steps\jquery.steps.css", "CSS", 0, 0, 0, 302, 0, 0, 0, 0, 0, 0, 49, 351
"c:\xampp\htdocs\soften2-jobseeker-system\template-files\src\plugins\jquery-steps\jquery.steps.js", "JavaScript", 0, 0, 0, 0, 938, 0, 0, 0, 0, 942, 233, 2113
"c:\xampp\htdocs\soften2-jobseeker-system\template-files\src\plugins\jvectormap\jquery-jvectormap-2.0.3.css", "CSS", 0, 0, 0, 113, 0, 0, 0, 0, 0, 0, 22, 135
"c:\xampp\htdocs\soften2-jobseeker-system\template-files\src\plugins\jvectormap\jquery-jvectormap-2.0.3.min.js", "JavaScript", 0, 0, 0, 0, 2, 0, 0, 0, 0, 0, 0, 2
"c:\xampp\htdocs\soften2-jobseeker-system\template-files\src\plugins\jvectormap\jquery-jvectormap-world-mill-en.js", "JavaScript", 0, 0, 0, 0, 1, 0, 0, 0, 0, 0, 0, 1
"c:\xampp\htdocs\soften2-jobseeker-system\template-files\src\plugins\jvectormap\jquery-jvectormap.css", "CSS", 0, 0, 0, 113, 0, 0, 0, 0, 0, 0, 22, 135
"c:\xampp\htdocs\soften2-jobseeker-system\template-files\src\plugins\jvectormap\jquery-jvectormap.js", "JavaScript", 0, 0, 0, 0, 34, 0, 0, 0, 0, 6, 5, 45
"c:\xampp\htdocs\soften2-jobseeker-system\template-files\src\plugins\malihu-custom-scrollbar-plugin-master\jquery.mCustomScrollbar.concat.min.js", "JavaScript", 0, 0, 0, 0, 3, 0, 0, 0, 0, 2, 0, 5
"c:\xampp\htdocs\soften2-jobseeker-system\template-files\src\plugins\malihu-custom-scrollbar-plugin-master\jquery.mCustomScrollbar.css", "CSS", 0, 0, 0, 812, 0, 0, 0, 0, 0, 113, 343, 1268
"c:\xampp\htdocs\soften2-jobseeker-system\template-files\src\plugins\malihu-custom-scrollbar-plugin-master\jquery.mCustomScrollbar.js", "JavaScript", 0, 0, 0, 0, 1629, 0, 0, 0, 0, 587, 242, 2458
"c:\xampp\htdocs\soften2-jobseeker-system\template-files\src\plugins\malihu-custom-scrollbar-plugin-master\jquery.mCustomScrollbar.min.css", "CSS", 0, 0, 0, 1, 0, 0, 0, 0, 0, 0, 0, 1
"c:\xampp\htdocs\soften2-jobseeker-system\template-files\src\plugins\malihu-custom-scrollbar-plugin-master\jquery.mousewheel.min.js", "JavaScript", 0, 0, 0, 0, 1, 0, 0, 0, 0, 7, 0, 8
"c:\xampp\htdocs\soften2-jobseeker-system\template-files\src\plugins\plyr\dist\plyr.css", "CSS", 0, 0, 0, 1, 0, 0, 0, 0, 0, 0, 0, 1
"c:\xampp\htdocs\soften2-jobseeker-system\template-files\src\plugins\plyr\dist\plyr.js", "JavaScript", 0, 0, 0, 0, 1, 0, 0, 0, 0, 0, 0, 1
"c:\xampp\htdocs\soften2-jobseeker-system\template-files\src\plugins\plyr\dist\plyr.svg", "XML", 0, 0, 0, 0, 0, 1, 0, 0, 0, 0, 0, 1
"c:\xampp\htdocs\soften2-jobseeker-system\template-files\src\plugins\select2\dist\css\select2.css", "CSS", 0, 0, 0, 428, 0, 0, 0, 0, 0, 0, 57, 485
"c:\xampp\htdocs\soften2-jobseeker-system\template-files\src\plugins\select2\dist\css\select2.min.css", "CSS", 0, 0, 0, 1, 0, 0, 0, 0, 0, 0, 1, 2
"c:\xampp\htdocs\soften2-jobseeker-system\template-files\src\plugins\select2\dist\js\i18n\af.js", "JavaScript", 0, 0, 0, 0, 1, 0, 0, 0, 0, 1, 1, 3
"c:\xampp\htdocs\soften2-jobseeker-system\template-files\src\plugins\select2\dist\js\i18n\ar.js", "JavaScript", 0, 0, 0, 0, 1, 0, 0, 0, 0, 1, 1, 3
"c:\xampp\htdocs\soften2-jobseeker-system\template-files\src\plugins\select2\dist\js\i18n\az.js", "JavaScript", 0, 0, 0, 0, 1, 0, 0, 0, 0, 1, 1, 3
"c:\xampp\htdocs\soften2-jobseeker-system\template-files\src\plugins\select2\dist\js\i18n\bg.js", "JavaScript", 0, 0, 0, 0, 1, 0, 0, 0, 0, 1, 1, 3
"c:\xampp\htdocs\soften2-jobseeker-system\template-files\src\plugins\select2\dist\js\i18n\bs.js", "JavaScript", 0, 0, 0, 0, 1, 0, 0, 0, 0, 1, 1, 3
"c:\xampp\htdocs\soften2-jobseeker-system\template-files\src\plugins\select2\dist\js\i18n\ca.js", "JavaScript", 0, 0, 0, 0, 1, 0, 0, 0, 0, 1, 1, 3
"c:\xampp\htdocs\soften2-jobseeker-system\template-files\src\plugins\select2\dist\js\i18n\cs.js", "JavaScript", 0, 0, 0, 0, 1, 0, 0, 0, 0, 1, 1, 3
"c:\xampp\htdocs\soften2-jobseeker-system\template-files\src\plugins\select2\dist\js\i18n\da.js", "JavaScript", 0, 0, 0, 0, 1, 0, 0, 0, 0, 1, 1, 3
"c:\xampp\htdocs\soften2-jobseeker-system\template-files\src\plugins\select2\dist\js\i18n\de.js", "JavaScript", 0, 0, 0, 0, 1, 0, 0, 0, 0, 1, 1, 3
"c:\xampp\htdocs\soften2-jobseeker-system\template-files\src\plugins\select2\dist\js\i18n\dsb.js", "JavaScript", 0, 0, 0, 0, 1, 0, 0, 0, 0, 1, 1, 3
"c:\xampp\htdocs\soften2-jobseeker-system\template-files\src\plugins\select2\dist\js\i18n\el.js", "JavaScript", 0, 0, 0, 0, 1, 0, 0, 0, 0, 1, 1, 3
"c:\xampp\htdocs\soften2-jobseeker-system\template-files\src\plugins\select2\dist\js\i18n\en.js", "JavaScript", 0, 0, 0, 0, 1, 0, 0, 0, 0, 1, 1, 3
"c:\xampp\htdocs\soften2-jobseeker-system\template-files\src\plugins\select2\dist\js\i18n\es.js", "JavaScript", 0, 0, 0, 0, 1, 0, 0, 0, 0, 1, 1, 3
"c:\xampp\htdocs\soften2-jobseeker-system\template-files\src\plugins\select2\dist\js\i18n\et.js", "JavaScript", 0, 0, 0, 0, 1, 0, 0, 0, 0, 1, 1, 3
"c:\xampp\htdocs\soften2-jobseeker-system\template-files\src\plugins\select2\dist\js\i18n\eu.js", "JavaScript", 0, 0, 0, 0, 1, 0, 0, 0, 0, 1, 1, 3
"c:\xampp\htdocs\soften2-jobseeker-system\template-files\src\plugins\select2\dist\js\i18n\fa.js", "JavaScript", 0, 0, 0, 0, 1, 0, 0, 0, 0, 1, 1, 3
"c:\xampp\htdocs\soften2-jobseeker-system\template-files\src\plugins\select2\dist\js\i18n\fi.js", "JavaScript", 0, 0, 0, 0, 1, 0, 0, 0, 0, 1, 1, 3
"c:\xampp\htdocs\soften2-jobseeker-system\template-files\src\plugins\select2\dist\js\i18n\fr.js", "JavaScript", 0, 0, 0, 0, 1, 0, 0, 0, 0, 1, 1, 3
"c:\xampp\htdocs\soften2-jobseeker-system\template-files\src\plugins\select2\dist\js\i18n\gl.js", "JavaScript", 0, 0, 0, 0, 1, 0, 0, 0, 0, 1, 1, 3
"c:\xampp\htdocs\soften2-jobseeker-system\template-files\src\plugins\select2\dist\js\i18n\he.js", "JavaScript", 0, 0, 0, 0, 1, 0, 0, 0, 0, 1, 1, 3
"c:\xampp\htdocs\soften2-jobseeker-system\template-files\src\plugins\select2\dist\js\i18n\hi.js", "JavaScript", 0, 0, 0, 0, 1, 0, 0, 0, 0, 1, 1, 3
"c:\xampp\htdocs\soften2-jobseeker-system\template-files\src\plugins\select2\dist\js\i18n\hr.js", "JavaScript", 0, 0, 0, 0, 1, 0, 0, 0, 0, 1, 1, 3
"c:\xampp\htdocs\soften2-jobseeker-system\template-files\src\plugins\select2\dist\js\i18n\hsb.js", "JavaScript", 0, 0, 0, 0, 1, 0, 0, 0, 0, 1, 1, 3
"c:\xampp\htdocs\soften2-jobseeker-system\template-files\src\plugins\select2\dist\js\i18n\hu.js", "JavaScript", 0, 0, 0, 0, 1, 0, 0, 0, 0, 1, 1, 3
"c:\xampp\htdocs\soften2-jobseeker-system\template-files\src\plugins\select2\dist\js\i18n\hy.js", "JavaScript", 0, 0, 0, 0, 1, 0, 0, 0, 0, 1, 1, 3
"c:\xampp\htdocs\soften2-jobseeker-system\template-files\src\plugins\select2\dist\js\i18n\id.js", "JavaScript", 0, 0, 0, 0, 1, 0, 0, 0, 0, 1, 1, 3
"c:\xampp\htdocs\soften2-jobseeker-system\template-files\src\plugins\select2\dist\js\i18n\is.js", "JavaScript", 0, 0, 0, 0, 1, 0, 0, 0, 0, 1, 1, 3
"c:\xampp\htdocs\soften2-jobseeker-system\template-files\src\plugins\select2\dist\js\i18n\it.js", "JavaScript", 0, 0, 0, 0, 1, 0, 0, 0, 0, 1, 1, 3
"c:\xampp\htdocs\soften2-jobseeker-system\template-files\src\plugins\select2\dist\js\i18n\ja.js", "JavaScript", 0, 0, 0, 0, 1, 0, 0, 0, 0, 1, 1, 3
"c:\xampp\htdocs\soften2-jobseeker-system\template-files\src\plugins\select2\dist\js\i18n\km.js", "JavaScript", 0, 0, 0, 0, 1, 0, 0, 0, 0, 1, 1, 3
"c:\xampp\htdocs\soften2-jobseeker-system\template-files\src\plugins\select2\dist\js\i18n\ko.js", "JavaScript", 0, 0, 0, 0, 1, 0, 0, 0, 0, 1, 1, 3
"c:\xampp\htdocs\soften2-jobseeker-system\template-files\src\plugins\select2\dist\js\i18n\lt.js", "JavaScript", 0, 0, 0, 0, 1, 0, 0, 0, 0, 1, 1, 3
"c:\xampp\htdocs\soften2-jobseeker-system\template-files\src\plugins\select2\dist\js\i18n\lv.js", "JavaScript", 0, 0, 0, 0, 1, 0, 0, 0, 0, 1, 1, 3
"c:\xampp\htdocs\soften2-jobseeker-system\template-files\src\plugins\select2\dist\js\i18n\mk.js", "JavaScript", 0, 0, 0, 0, 1, 0, 0, 0, 0, 1, 1, 3
"c:\xampp\htdocs\soften2-jobseeker-system\template-files\src\plugins\select2\dist\js\i18n\ms.js", "JavaScript", 0, 0, 0, 0, 1, 0, 0, 0, 0, 1, 1, 3
"c:\xampp\htdocs\soften2-jobseeker-system\template-files\src\plugins\select2\dist\js\i18n\nb.js", "JavaScript", 0, 0, 0, 0, 1, 0, 0, 0, 0, 1, 1, 3
"c:\xampp\htdocs\soften2-jobseeker-system\template-files\src\plugins\select2\dist\js\i18n\nl.js", "JavaScript", 0, 0, 0, 0, 1, 0, 0, 0, 0, 1, 1, 3
"c:\xampp\htdocs\soften2-jobseeker-system\template-files\src\plugins\select2\dist\js\i18n\pl.js", "JavaScript", 0, 0, 0, 0, 1, 0, 0, 0, 0, 1, 1, 3
"c:\xampp\htdocs\soften2-jobseeker-system\template-files\src\plugins\select2\dist\js\i18n\ps.js", "JavaScript", 0, 0, 0, 0, 1, 0, 0, 0, 0, 1, 1, 3
"c:\xampp\htdocs\soften2-jobseeker-system\template-files\src\plugins\select2\dist\js\i18n\pt-BR.js", "JavaScript", 0, 0, 0, 0, 1, 0, 0, 0, 0, 1, 1, 3
"c:\xampp\htdocs\soften2-jobseeker-system\template-files\src\plugins\select2\dist\js\i18n\pt.js", "JavaScript", 0, 0, 0, 0, 1, 0, 0, 0, 0, 1, 1, 3
"c:\xampp\htdocs\soften2-jobseeker-system\template-files\src\plugins\select2\dist\js\i18n\ro.js", "JavaScript", 0, 0, 0, 0, 1, 0, 0, 0, 0, 1, 1, 3
"c:\xampp\htdocs\soften2-jobseeker-system\template-files\src\plugins\select2\dist\js\i18n\ru.js", "JavaScript", 0, 0, 0, 0, 1, 0, 0, 0, 0, 1, 1, 3
"c:\xampp\htdocs\soften2-jobseeker-system\template-files\src\plugins\select2\dist\js\i18n\sk.js", "JavaScript", 0, 0, 0, 0, 1, 0, 0, 0, 0, 1, 1, 3
"c:\xampp\htdocs\soften2-jobseeker-system\template-files\src\plugins\select2\dist\js\i18n\sl.js", "JavaScript", 0, 0, 0, 0, 1, 0, 0, 0, 0, 1, 1, 3
"c:\xampp\htdocs\soften2-jobseeker-system\template-files\src\plugins\select2\dist\js\i18n\sr-Cyrl.js", "JavaScript", 0, 0, 0, 0, 1, 0, 0, 0, 0, 1, 1, 3
"c:\xampp\htdocs\soften2-jobseeker-system\template-files\src\plugins\select2\dist\js\i18n\sr.js", "JavaScript", 0, 0, 0, 0, 1, 0, 0, 0, 0, 1, 1, 3
"c:\xampp\htdocs\soften2-jobseeker-system\template-files\src\plugins\select2\dist\js\i18n\sv.js", "JavaScript", 0, 0, 0, 0, 1, 0, 0, 0, 0, 1, 1, 3
"c:\xampp\htdocs\soften2-jobseeker-system\template-files\src\plugins\select2\dist\js\i18n\th.js", "JavaScript", 0, 0, 0, 0, 1, 0, 0, 0, 0, 1, 1, 3
"c:\xampp\htdocs\soften2-jobseeker-system\template-files\src\plugins\select2\dist\js\i18n\tk.js", "JavaScript", 0, 0, 0, 0, 1, 0, 0, 0, 0, 1, 1, 3
"c:\xampp\htdocs\soften2-jobseeker-system\template-files\src\plugins\select2\dist\js\i18n\tr.js", "JavaScript", 0, 0, 0, 0, 1, 0, 0, 0, 0, 1, 1, 3
"c:\xampp\htdocs\soften2-jobseeker-system\template-files\src\plugins\select2\dist\js\i18n\uk.js", "JavaScript", 0, 0, 0, 0, 1, 0, 0, 0, 0, 1, 1, 3
"c:\xampp\htdocs\soften2-jobseeker-system\template-files\src\plugins\select2\dist\js\i18n\vi.js", "JavaScript", 0, 0, 0, 0, 1, 0, 0, 0, 0, 1, 1, 3
"c:\xampp\htdocs\soften2-jobseeker-system\template-files\src\plugins\select2\dist\js\i18n\zh-CN.js", "JavaScript", 0, 0, 0, 0, 1, 0, 0, 0, 0, 1, 1, 3
"c:\xampp\htdocs\soften2-jobseeker-system\template-files\src\plugins\select2\dist\js\i18n\zh-TW.js", "JavaScript", 0, 0, 0, 0, 1, 0, 0, 0, 0, 1, 1, 3
"c:\xampp\htdocs\soften2-jobseeker-system\template-files\src\plugins\select2\dist\js\select2.full.js", "JavaScript", 0, 0, 0, 0, 4934, 0, 0, 0, 0, 346, 1280, 6560
"c:\xampp\htdocs\soften2-jobseeker-system\template-files\src\plugins\select2\dist\js\select2.full.min.js", "JavaScript", 0, 0, 0, 0, 1, 0, 0, 0, 0, 0, 0, 1
"c:\xampp\htdocs\soften2-jobseeker-system\template-files\src\plugins\select2\dist\js\select2.js", "JavaScript", 0, 0, 0, 0, 4423, 0, 0, 0, 0, 294, 1131, 5848
"c:\xampp\htdocs\soften2-jobseeker-system\template-files\src\plugins\select2\dist\js\select2.min.js", "JavaScript", 0, 0, 0, 0, 1, 0, 0, 0, 0, 0, 0, 1
"c:\xampp\htdocs\soften2-jobseeker-system\template-files\src\plugins\slick\slick.css", "CSS", 0, 0, 0, 104, 0, 0, 0, 0, 0, 1, 15, 120
"c:\xampp\htdocs\soften2-jobseeker-system\template-files\src\plugins\slick\slick.min.js", "JavaScript", 0, 0, 0, 0, 1, 0, 0, 0, 0, 0, 1, 2
"c:\xampp\htdocs\soften2-jobseeker-system\template-files\src\plugins\sweetalert2\sweet-alert.init.js", "JavaScript", 0, 0, 0, 0, 222, 0, 0, 0, 0, 20, 21, 263
"c:\xampp\htdocs\soften2-jobseeker-system\template-files\src\plugins\sweetalert2\sweetalert2.all.js", "JavaScript", 0, 0, 0, 0, 2649, 0, 0, 0, 0, 216, 242, 3107
"c:\xampp\htdocs\soften2-jobseeker-system\template-files\src\plugins\sweetalert2\sweetalert2.css", "CSS", 0, 0, 0, 1088, 0, 0, 0, 0, 0, 0, 43, 1131
"c:\xampp\htdocs\soften2-jobseeker-system\template-files\src\plugins\switchery\switchery.min.css", "CSS", 0, 0, 0, 1, 0, 0, 0, 0, 0, 0, 0, 1
"c:\xampp\htdocs\soften2-jobseeker-system\template-files\src\plugins\switchery\switchery.min.js", "JavaScript", 0, 0, 0, 0, 1, 0, 0, 0, 0, 0, 0, 1
"c:\xampp\htdocs\soften2-jobseeker-system\template-files\src\plugins\timedropper\timedropper.css", "CSS", 0, 0, 0, 439, 0, 0, 0, 0, 0, 52, 6, 497
"c:\xampp\htdocs\soften2-jobseeker-system\template-files\src\plugins\timedropper\timedropper.js", "JavaScript", 0, 0, 0, 0, 291, 0, 0, 0, 0, 0, 128, 419
"c:\xampp\htdocs\soften2-jobseeker-system\template-files\src\plugins\timedropper\timedropper.min.css", "CSS", 0, 0, 0, 1, 0, 0, 0, 0, 0, 0, 0, 1
"c:\xampp\htdocs\soften2-jobseeker-system\template-files\src\plugins\timedropper\timedropper.min.js", "JavaScript", 0, 0, 0, 0, 1, 0, 0, 0, 0, 0, 0, 1
"c:\xampp\htdocs\soften2-jobseeker-system\template-files\src\plugins\wysihtml5-master\dist\wysihtml5-0.3.0.js", "JavaScript", 0, 0, 0, 0, 6626, 0, 0, 0, 0, 1649, 1247, 9522
"c:\xampp\htdocs\soften2-jobseeker-system\template-files\src\scripts\clipboard.min.js", "JavaScript", 0, 0, 0, 0, 1, 0, 0, 0, 0, 6, 0, 7
"c:\xampp\htdocs\soften2-jobseeker-system\template-files\src\scripts\jquery.min.js", "JavaScript", 0, 0, 0, 0, 3, 0, 0, 0, 0, 1, 1, 5
"c:\xampp\htdocs\soften2-jobseeker-system\template-files\src\scripts\moment.js", "JavaScript", 0, 0, 0, 0, 3451, 0, 0, 0, 0, 332, 724, 4507
"c:\xampp\htdocs\soften2-jobseeker-system\template-files\src\scripts\setting.js", "JavaScript", 0, 0, 0, 0, 270, 0, 0, 0, 0, 37, 34, 341
"c:\xampp\htdocs\soften2-jobseeker-system\template-files\src\styles\media.css", "CSS", 0, 0, 0, 82, 0, 0, 0, 0, 0, 4, 0, 86
"c:\xampp\htdocs\soften2-jobseeker-system\template-files\src\styles\style.css", "CSS", 0, 0, 0, 3758, 0, 0, 0, 0, 0, 133, 92, 3983
"c:\xampp\htdocs\soften2-jobseeker-system\template-files\src\styles\theme.css", "CSS", 0, 0, 0, 0, 0, 0, 0, 0, 0, 4, 0, 4
"c:\xampp\htdocs\soften2-jobseeker-system\template-files\sweetalert\sweetalert2.all.js", "JavaScript", 0, 0, 0, 0, 2427, 0, 0, 0, 0, 368, 620, 3415
"c:\xampp\htdocs\soften2-jobseeker-system\template-files\sweetalert\sweetalert2.all.min.js", "JavaScript", 0, 0, 0, 0, 2, 0, 0, 0, 0, 0, 0, 2
"c:\xampp\htdocs\soften2-jobseeker-system\template-files\sweetalert\sweetalert2.css", "CSS", 0, 0, 0, 1367, 0, 0, 0, 0, 0, 0, 32, 1399
"c:\xampp\htdocs\soften2-jobseeker-system\template-files\sweetalert\sweetalert2.js", "JavaScript", 0, 0, 0, 0, 2427, 0, 0, 0, 0, 367, 620, 3414
"c:\xampp\htdocs\soften2-jobseeker-system\template-files\sweetalert\sweetalert2.min.css", "CSS", 0, 0, 0, 1, 0, 0, 0, 0, 0, 0, 0, 1
"c:\xampp\htdocs\soften2-jobseeker-system\template-files\sweetalert\sweetalert2.min.js", "JavaScript", 0, 0, 0, 0, 1, 0, 0, 0, 0, 0, 0, 1
"c:\xampp\htdocs\soften2-jobseeker-system\template-files\vendors\fonts\dropways.css", "CSS", 0, 0, 0, 4162, 0, 0, 0, 0, 0, 2, 4, 4168
"c:\xampp\htdocs\soften2-jobseeker-system\template-files\vendors\fonts\dropways.svg", "XML", 0, 0, 0, 0, 0, 1390, 0, 0, 0, 0, 0, 1390
"c:\xampp\htdocs\soften2-jobseeker-system\template-files\vendors\fonts\font-awesome\css\font-awesome.css", "CSS", 0, 0, 0, 2327, 0, 0, 0, 0, 0, 10, 1, 2338
"c:\xampp\htdocs\soften2-jobseeker-system\template-files\vendors\fonts\font-awesome\css\font-awesome.min.css", "CSS", 0, 0, 0, 1, 0, 0, 0, 0, 0, 3, 1, 5
"c:\xampp\htdocs\soften2-jobseeker-system\template-files\vendors\fonts\fontawesome-webfont.svg", "XML", 0, 0, 0, 0, 0, 2671, 0, 0, 0, 0, 1, 2672
"c:\xampp\htdocs\soften2-jobseeker-system\template-files\vendors\fonts\foundation-icons.css", "CSS", 0, 0, 0, 586, 0, 0, 0, 0, 0, 5, 4, 595
"c:\xampp\htdocs\soften2-jobseeker-system\template-files\vendors\fonts\foundation-icons.svg", "XML", 0, 0, 0, 0, 0, 967, 0, 0, 0, 3, 1, 971
"c:\xampp\htdocs\soften2-jobseeker-system\template-files\vendors\fonts\ionicons-master\css\ionicons.css", "CSS", 0, 0, 0, 736, 0, 0, 0, 0, 0, 11, 734, 1481
"c:\xampp\htdocs\soften2-jobseeker-system\template-files\vendors\fonts\ionicons-master\css\ionicons.min.css", "CSS", 0, 0, 0, 2, 0, 0, 0, 0, 0, 9, 1, 12
"c:\xampp\htdocs\soften2-jobseeker-system\template-files\vendors\fonts\ionicons.svg", "XML", 0, 0, 0, 0, 0, 2227, 0, 0, 0, 3, 1, 2231
"c:\xampp\htdocs\soften2-jobseeker-system\template-files\vendors\fonts\themify-icons\themify-icons.css", "CSS", 0, 0, 0, 1077, 0, 0, 0, 0, 0, 1, 4, 1082
"c:\xampp\htdocs\soften2-jobseeker-system\template-files\vendors\fonts\themify.svg", "XML", 0, 0, 0, 0, 0, 362, 0, 0, 0, 0, 0, 362
"c:\xampp\htdocs\soften2-jobseeker-system\template-files\vendors\images\JB.svg", "XML", 0, 0, 0, 0, 0, 210, 0, 0, 0, 0, 2, 212
"c:\xampp\htdocs\soften2-jobseeker-system\template-files\vendors\images\briefcase.svg", "XML", 0, 0, 0, 0, 0, 11, 0, 0, 0, 0, 1, 12
"c:\xampp\htdocs\soften2-jobseeker-system\template-files\vendors\images\cancel.svg", "XML", 0, 0, 0, 0, 0, 1, 0, 0, 0, 0, 0, 1
"c:\xampp\htdocs\soften2-jobseeker-system\template-files\vendors\images\demo.svg", "XML", 0, 0, 0, 0, 0, 1, 0, 0, 0, 0, 0, 1
"c:\xampp\htdocs\soften2-jobseeker-system\template-files\vendors\images\deskapp-logo-white.svg", "XML", 0, 0, 0, 0, 0, 1, 0, 0, 0, 0, 0, 1
"c:\xampp\htdocs\soften2-jobseeker-system\template-files\vendors\images\deskapp-logo.svg", "XML", 0, 0, 0, 0, 0, 11, 0, 0, 0, 0, 1, 12
"c:\xampp\htdocs\soften2-jobseeker-system\template-files\vendors\images\github.svg", "XML", 0, 0, 0, 0, 0, 13, 0, 0, 0, 0, 1, 14
"c:\xampp\htdocs\soften2-jobseeker-system\template-files\vendors\images\menu-icon.svg", "XML", 0, 0, 0, 0, 0, 1, 0, 0, 0, 0, 0, 1
"c:\xampp\htdocs\soften2-jobseeker-system\template-files\vendors\images\page-icon.svg", "XML", 0, 0, 0, 0, 0, 1, 0, 0, 0, 0, 0, 1
"c:\xampp\htdocs\soften2-jobseeker-system\template-files\vendors\images\person.svg", "XML", 0, 0, 0, 0, 0, 9, 0, 0, 0, 0, 1, 10
"c:\xampp\htdocs\soften2-jobseeker-system\template-files\vendors\images\plyr.svg", "XML", 0, 0, 0, 0, 0, 1, 0, 0, 0, 0, 0, 1
"c:\xampp\htdocs\soften2-jobseeker-system\template-files\vendors\images\tick.svg", "XML", 0, 0, 0, 0, 0, 11, 0, 0, 0, 1, 1, 13
"c:\xampp\htdocs\soften2-jobseeker-system\template-files\vendors\scripts\advanced-components.js", "JavaScript", 0, 0, 0, 0, 31, 0, 0, 0, 0, 4, 1, 36
"c:\xampp\htdocs\soften2-jobseeker-system\template-files\vendors\scripts\apexcharts-setting.js", "JavaScript", 0, 0, 0, 0, 658, 0, 0, 0, 0, 0, 10, 668
"c:\xampp\htdocs\soften2-jobseeker-system\template-files\vendors\scripts\calendar-setting.js", "JavaScript", 0, 0, 0, 0, 140, 0, 0, 0, 0, 7, 2, 149
"c:\xampp\htdocs\soften2-jobseeker-system\template-files\vendors\scripts\colorpicker.js", "JavaScript", 0, 0, 0, 0, 7, 0, 0, 0, 0, 0, 0, 7
"c:\xampp\htdocs\soften2-jobseeker-system\template-files\vendors\scripts\core.js", "JavaScript", 0, 0, 0, 0, 19189, 0, 0, 0, 0, 3025, 4038, 26252
"c:\xampp\htdocs\soften2-jobseeker-system\template-files\vendors\scripts\core.min.js", "JavaScript", 0, 0, 0, 0, 1, 0, 0, 0, 0, 0, 0, 1
"c:\xampp\htdocs\soften2-jobseeker-system\template-files\vendors\scripts\dashboard.js", "JavaScript", 0, 0, 0, 0, 452, 0, 0, 0, 0, 1, 14, 467
"c:\xampp\htdocs\soften2-jobseeker-system\template-files\vendors\scripts\dashboard2.js", "JavaScript", 0, 0, 0, 0, 202, 0, 0, 0, 0, 2, 3, 207
"c:\xampp\htdocs\soften2-jobseeker-system\template-files\vendors\scripts\datatable-setting.js", "JavaScript", 0, 0, 0, 0, 92, 0, 0, 0, 0, 0, 5, 97
"c:\xampp\htdocs\soften2-jobseeker-system\template-files\vendors\scripts\highchart-setting.js", "JavaScript", 0, 0, 0, 0, 467, 0, 0, 0, 0, 8, 19, 494
"c:\xampp\htdocs\soften2-jobseeker-system\template-files\vendors\scripts\jvectormap-setting.js", "JavaScript", 0, 0, 0, 0, 15, 0, 0, 0, 0, 0, 0, 15
"c:\xampp\htdocs\soften2-jobseeker-system\template-files\vendors\scripts\knob-chart-setting.js", "JavaScript", 0, 0, 0, 0, 33, 0, 0, 0, 0, 0, 0, 33
"c:\xampp\htdocs\soften2-jobseeker-system\template-files\vendors\scripts\layout-settings.js", "JavaScript", 0, 0, 0, 0, 129, 0, 0, 0, 0, 31, 34, 194
"c:\xampp\htdocs\soften2-jobseeker-system\template-files\vendors\scripts\process.js", "JavaScript", 0, 0, 0, 0, 27, 0, 0, 0, 0, 3, 5, 35
"c:\xampp\htdocs\soften2-jobseeker-system\template-files\vendors\scripts\range-slider-setting.js", "JavaScript", 0, 0, 0, 0, 105, 0, 0, 0, 0, 0, 0, 105
"c:\xampp\htdocs\soften2-jobseeker-system\template-files\vendors\scripts\script.js", "JavaScript", 0, 0, 0, 0, 270, 0, 0, 0, 0, 37, 34, 341
"c:\xampp\htdocs\soften2-jobseeker-system\template-files\vendors\scripts\script.min.js", "JavaScript", 0, 0, 0, 0, 1, 0, 0, 0, 0, 0, 0, 1
"c:\xampp\htdocs\soften2-jobseeker-system\template-files\vendors\scripts\steps-setting.js", "JavaScript", 0, 0, 0, 0, 32, 0, 0, 0, 0, 0, 1, 33
"c:\xampp\htdocs\soften2-jobseeker-system\template-files\vendors\styles\core.css", "CSS", 0, 0, 0, 9548, 0, 0, 0, 0, 0, 220, 1852, 11620
"c:\xampp\htdocs\soften2-jobseeker-system\template-files\vendors\styles\core.min.css", "CSS", 0, 0, 0, 2, 0, 0, 0, 0, 0, 9, 0, 11
"c:\xampp\htdocs\soften2-jobseeker-system\template-files\vendors\styles\icon-font.css", "CSS", 0, 0, 0, 7452, 0, 0, 0, 0, 0, 29, 3469, 10950
"c:\xampp\htdocs\soften2-jobseeker-system\template-files\vendors\styles\icon-font.min.css", "CSS", 0, 0, 0, 3, 0, 0, 0, 0, 0, 11, 0, 14
"c:\xampp\htdocs\soften2-jobseeker-system\template-files\vendors\styles\style.css", "CSS", 0, 0, 0, 2, 0, 0, 0, 0, 0, 4, 0, 6
"c:\xampp\htdocs\soften2-jobseeker-system\template-files\vendors\styles\style.min.css", "CSS", 0, 0, 0, 2, 0, 0, 0, 0, 0, 2, 0, 4
"c:\xampp\htdocs\soften2-jobseeker-system\user-account\employer-account\logout.php", "PHP", 5, 0, 0, 0, 0, 0, 0, 0, 0, 0, 2, 7
"c:\xampp\htdocs\soften2-jobseeker-system\user-account\employer-account\userProfile.php", "PHP", 618, 0, 0, 0, 0, 0, 0, 0, 0, 4, 30, 652
"c:\xampp\htdocs\soften2-jobseeker-system\user-account\jobseeker-account\logout.php", "PHP", 5, 0, 0, 0, 0, 0, 0, 0, 0, 0, 2, 7
"c:\xampp\htdocs\soften2-jobseeker-system\user-account\jobseeker-account\userProfile.php", "PHP", 811, 0, 0, 0, 0, 0, 0, 0, 0, 11, 33, 855
"c:\xampp\htdocs\soften2-jobseeker-system\user-otp\PHPMailer\README.md", "Markdown", 0, 165, 0, 0, 0, 0, 0, 0, 0, 0, 63, 228
"c:\xampp\htdocs\soften2-jobseeker-system\user-otp\PHPMailer\SECURITY.md", "Markdown", 0, 19, 0, 0, 0, 0, 0, 0, 0, 0, 19, 38
"c:\xampp\htdocs\soften2-jobseeker-system\user-otp\PHPMailer\composer.json", "JSON", 0, 0, 76, 0, 0, 0, 0, 0, 0, 0, 1, 77
"c:\xampp\htdocs\soften2-jobseeker-system\user-otp\PHPMailer\get_oauth_token.php", "PHP", 84, 0, 0, 0, 0, 0, 0, 0, 0, 46, 17, 147
"c:\xampp\htdocs\soften2-jobseeker-system\user-otp\PHPMailer\language\phpmailer.lang-af.php", "PHP", 20, 0, 0, 0, 0, 0, 0, 0, 0, 4, 3, 27
"c:\xampp\htdocs\soften2-jobseeker-system\user-otp\PHPMailer\language\phpmailer.lang-ar.php", "PHP", 20, 0, 0, 0, 0, 0, 0, 0, 0, 5, 3, 28
"c:\xampp\htdocs\soften2-jobseeker-system\user-otp\PHPMailer\language\phpmailer.lang-az.php", "PHP", 19, 0, 0, 0, 0, 0, 0, 0, 0, 6, 3, 28
"c:\xampp\htdocs\soften2-jobseeker-system\user-otp\PHPMailer\language\phpmailer.lang-ba.php", "PHP", 20, 0, 0, 0, 0, 0, 0, 0, 0, 5, 3, 28
"c:\xampp\htdocs\soften2-jobseeker-system\user-otp\PHPMailer\language\phpmailer.lang-be.php", "PHP", 19, 0, 0, 0, 0, 0, 0, 0, 0, 6, 3, 28
"c:\xampp\htdocs\soften2-jobseeker-system\user-otp\PHPMailer\language\phpmailer.lang-bg.php", "PHP", 20, 0, 0, 0, 0, 0, 0, 0, 0, 5, 3, 28
"c:\xampp\htdocs\soften2-jobseeker-system\user-otp\PHPMailer\language\phpmailer.lang-ca.php", "PHP", 19, 0, 0, 0, 0, 0, 0, 0, 0, 6, 3, 28
"c:\xampp\htdocs\soften2-jobseeker-system\user-otp\PHPMailer\language\phpmailer.lang-ch.php", "PHP", 13, 0, 0, 0, 0, 0, 0, 0, 0, 12, 3, 28
"c:\xampp\htdocs\soften2-jobseeker-system\user-otp\PHPMailer\language\phpmailer.lang-cs.php", "PHP", 22, 0, 0, 0, 0, 0, 0, 0, 0, 4, 3, 29
"c:\xampp\htdocs\soften2-jobseeker-system\user-otp\PHPMailer\language\phpmailer.lang-da.php", "PHP", 20, 0, 0, 0, 0, 0, 0, 0, 0, 7, 3, 30
"c:\xampp\htdocs\soften2-jobseeker-system\user-otp\PHPMailer\language\phpmailer.lang-de.php", "PHP", 22, 0, 0, 0, 0, 0, 0, 0, 0, 4, 3, 29
"c:\xampp\htdocs\soften2-jobseeker-system\user-otp\PHPMailer\language\phpmailer.lang-el.php", "PHP", 19, 0, 0, 0, 0, 0, 0, 0, 0, 5, 3, 27
"c:\xampp\htdocs\soften2-jobseeker-system\user-otp\PHPMailer\language\phpmailer.lang-eo.php", "PHP", 20, 0, 0, 0, 0, 0, 0, 0, 0, 4, 3, 27
"c:\xampp\htdocs\soften2-jobseeker-system\user-otp\PHPMailer\language\phpmailer.lang-es.php", "PHP", 20, 0, 0, 0, 0, 0, 0, 0, 0, 5, 3, 28
"c:\xampp\htdocs\soften2-jobseeker-system\user-otp\PHPMailer\language\phpmailer.lang-et.php", "PHP", 20, 0, 0, 0, 0, 0, 0, 0, 0, 6, 3, 29
"c:\xampp\htdocs\soften2-jobseeker-system\user-otp\PHPMailer\language\phpmailer.lang-fa.php", "PHP", 20, 0, 0, 0, 0, 0, 0, 0, 0, 6, 3, 29
"c:\xampp\htdocs\soften2-jobseeker-system\user-otp\PHPMailer\language\phpmailer.lang-fi.php", "PHP", 14, 0, 0, 0, 0, 0, 0, 0, 0, 12, 3, 29
"c:\xampp\htdocs\soften2-jobseeker-system\user-otp\PHPMailer\language\phpmailer.lang-fo.php", "PHP", 13, 0, 0, 0, 0, 0, 0, 0, 0, 12, 3, 28
"c:\xampp\htdocs\soften2-jobseeker-system\user-otp\PHPMailer\language\phpmailer.lang-fr.php", "PHP", 28, 0, 0, 0, 0, 0, 0, 0, 0, 8, 3, 39
"c:\xampp\htdocs\soften2-jobseeker-system\user-otp\PHPMailer\language\phpmailer.lang-gl.php", "PHP", 19, 0, 0, 0, 0, 0, 0, 0, 0, 6, 3, 28
"c:\xampp\htdocs\soften2-jobseeker-system\user-otp\PHPMailer\language\phpmailer.lang-he.php", "PHP", 19, 0, 0, 0, 0, 0, 0, 0, 0, 6, 3, 28
"c:\xampp\htdocs\soften2-jobseeker-system\user-otp\PHPMailer\language\phpmailer.lang-hi.php", "PHP", 20, 0, 0, 0, 0, 0, 0, 0, 0, 5, 3, 28
"c:\xampp\htdocs\soften2-jobseeker-system\user-otp\PHPMailer\language\phpmailer.lang-hr.php", "PHP", 20, 0, 0, 0, 0, 0, 0, 0, 0, 5, 3, 28
"c:\xampp\htdocs\soften2-jobseeker-system\user-otp\PHPMailer\language\phpmailer.lang-hu.php", "PHP", 20, 0, 0, 0, 0, 0, 0, 0, 0, 5, 3, 28
"c:\xampp\htdocs\soften2-jobseeker-system\user-otp\PHPMailer\language\phpmailer.lang-hy.php", "PHP", 20, 0, 0, 0, 0, 0, 0, 0, 0, 5, 3, 28
"c:\xampp\htdocs\soften2-jobseeker-system\user-otp\PHPMailer\language\phpmailer.lang-id.php", "PHP", 22, 0, 0, 0, 0, 0, 0, 0, 0, 7, 3, 32
"c:\xampp\htdocs\soften2-jobseeker-system\user-otp\PHPMailer\language\phpmailer.lang-it.php", "PHP", 20, 0, 0, 0, 0, 0, 0, 0, 0, 6, 3, 29
"c:\xampp\htdocs\soften2-jobseeker-system\user-otp\PHPMailer\language\phpmailer.lang-ja.php", "PHP", 20, 0, 0, 0, 0, 0, 0, 0, 0, 7, 3, 30
"c:\xampp\htdocs\soften2-jobseeker-system\user-otp\PHPMailer\language\phpmailer.lang-ka.php", "PHP", 20, 0, 0, 0, 0, 0, 0, 0, 0, 5, 3, 28
"c:\xampp\htdocs\soften2-jobseeker-system\user-otp\PHPMailer\language\phpmailer.lang-ko.php", "PHP", 20, 0, 0, 0, 0, 0, 0, 0, 0, 5, 3, 28
"c:\xampp\htdocs\soften2-jobseeker-system\user-otp\PHPMailer\language\phpmailer.lang-lt.php", "PHP", 19, 0, 0, 0, 0, 0, 0, 0, 0, 6, 3, 28
"c:\xampp\htdocs\soften2-jobseeker-system\user-otp\PHPMailer\language\phpmailer.lang-lv.php", "PHP", 19, 0, 0, 0, 0, 0, 0, 0, 0, 6, 3, 28
"c:\xampp\htdocs\soften2-jobseeker-system\user-otp\PHPMailer\language\phpmailer.lang-mg.php", "PHP", 20, 0, 0, 0, 0, 0, 0, 0, 0, 5, 3, 28
"c:\xampp\htdocs\soften2-jobseeker-system\user-otp\PHPMailer\language\phpmailer.lang-ms.php", "PHP", 20, 0, 0, 0, 0, 0, 0, 0, 0, 5, 3, 28
"c:\xampp\htdocs\soften2-jobseeker-system\user-otp\PHPMailer\language\phpmailer.lang-nb.php", "PHP", 20, 0, 0, 0, 0, 0, 0, 0, 0, 4, 3, 27
"c:\xampp\htdocs\soften2-jobseeker-system\user-otp\PHPMailer\language\phpmailer.lang-nl.php", "PHP", 27, 0, 0, 0, 0, 0, 0, 0, 0, 5, 3, 35
"c:\xampp\htdocs\soften2-jobseeker-system\user-otp\PHPMailer\language\phpmailer.lang-pl.php", "PHP", 21, 0, 0, 0, 0, 0, 0, 0, 0, 4, 3, 28
"c:\xampp\htdocs\soften2-jobseeker-system\user-otp\PHPMailer\language\phpmailer.lang-pt.php", "PHP", 20, 0, 0, 0, 0, 0, 0, 0, 0, 5, 3, 28
"c:\xampp\htdocs\soften2-jobseeker-system\user-otp\PHPMailer\language\phpmailer.lang-pt_br.php", "PHP", 27, 0, 0, 0, 0, 0, 0, 0, 0, 9, 3, 39
"c:\xampp\htdocs\soften2-jobseeker-system\user-otp\PHPMailer\language\phpmailer.lang-ro.php", "PHP", 27, 0, 0, 0, 0, 0, 0, 0, 0, 4, 3, 34
"c:\xampp\htdocs\soften2-jobseeker-system\user-otp\PHPMailer\language\phpmailer.lang-ru.php", "PHP", 20, 0, 0, 0, 0, 0, 0, 0, 0, 6, 3, 29
"c:\xampp\htdocs\soften2-jobseeker-system\user-otp\PHPMailer\language\phpmailer.lang-sk.php", "PHP", 22, 0, 0, 0, 0, 0, 0, 0, 0, 6, 3, 31
"c:\xampp\htdocs\soften2-jobseeker-system\user-otp\PHPMailer\language\phpmailer.lang-sl.php", "PHP", 27, 0, 0, 0, 0, 0, 0, 0, 0, 7, 3, 37
"c:\xampp\htdocs\soften2-jobseeker-system\user-otp\PHPMailer\language\phpmailer.lang-sr.php", "PHP", 20, 0, 0, 0, 0, 0, 0, 0, 0, 6, 3, 29
"c:\xampp\htdocs\soften2-jobseeker-system\user-otp\PHPMailer\language\phpmailer.lang-sr_latn.php", "PHP", 20, 0, 0, 0, 0, 0, 0, 0, 0, 6, 3, 29
"c:\xampp\htdocs\soften2-jobseeker-system\user-otp\PHPMailer\language\phpmailer.lang-sv.php", "PHP", 19, 0, 0, 0, 0, 0, 0, 0, 0, 6, 3, 28
"c:\xampp\htdocs\soften2-jobseeker-system\user-otp\PHPMailer\language\phpmailer.lang-tl.php", "PHP", 20, 0, 0, 0, 0, 0, 0, 0, 0, 6, 3, 29
"c:\xampp\htdocs\soften2-jobseeker-system\user-otp\PHPMailer\language\phpmailer.lang-tr.php", "PHP", 20, 0, 0, 0, 0, 0, 0, 0, 0, 9, 3, 32
"c:\xampp\htdocs\soften2-jobseeker-system\user-otp\PHPMailer\language\phpmailer.lang-uk.php", "PHP", 20, 0, 0, 0, 0, 0, 0, 0, 0, 6, 3, 29
"c:\xampp\htdocs\soften2-jobseeker-system\user-otp\PHPMailer\language\phpmailer.lang-vi.php", "PHP", 19, 0, 0, 0, 0, 0, 0, 0, 0, 6, 3, 28
"c:\xampp\htdocs\soften2-jobseeker-system\user-otp\PHPMailer\language\phpmailer.lang-zh.php", "PHP", 20, 0, 0, 0, 0, 0, 0, 0, 0, 7, 3, 30
"c:\xampp\htdocs\soften2-jobseeker-system\user-otp\PHPMailer\language\phpmailer.lang-zh_cn.php", "PHP", 20, 0, 0, 0, 0, 0, 0, 0, 0, 7, 3, 30
"c:\xampp\htdocs\soften2-jobseeker-system\user-otp\PHPMailer\src\Exception.php", "PHP", 9, 0, 0, 0, 0, 0, 0, 0, 0, 28, 4, 41
"c:\xampp\htdocs\soften2-jobseeker-system\user-otp\PHPMailer\src\OAuth.php", "PHP", 46, 0, 0, 0, 0, 0, 0, 0, 0, 79, 15, 140
"c:\xampp\htdocs\soften2-jobseeker-system\user-otp\PHPMailer\src\OAuthTokenProvider.php", "PHP", 6, 0, 0, 0, 0, 0, 0, 0, 0, 35, 4, 45
"c:\xampp\htdocs\soften2-jobseeker-system\user-otp\PHPMailer\src\PHPMailer.php", "PHP", 2827, 0, 0, 0, 0, 0, 0, 0, 0, 1865, 380, 5072
"c:\xampp\htdocs\soften2-jobseeker-system\user-otp\PHPMailer\src\POP3.php", "PHP", 178, 0, 0, 0, 0, 0, 0, 0, 0, 233, 52, 463
"c:\xampp\htdocs\soften2-jobseeker-system\user-otp\PHPMailer\src\SMTP.php", "PHP", 718, 0, 0, 0, 0, 0, 0, 0, 0, 598, 141, 1457
"c:\xampp\htdocs\soften2-jobseeker-system\user-otp\accountVerify.php", "PHP", 20, 0, 0, 0, 0, 0, 0, 0, 0, 2, 8, 30
"c:\xampp\htdocs\soften2-jobseeker-system\user-otp\db-connection.php", "PHP", 9, 0, 0, 0, 0, 0, 0, 0, 0, 2, 2, 13
"c:\xampp\htdocs\soften2-jobseeker-system\user-otp\jobseekerOtp.php", "PHP", 80, 0, 0, 0, 0, 0, 0, 0, 0, 1, 16, 97
"c:\xampp\htdocs\soften2-jobseeker-system\user-otp\jobseekerSendOtp.php", "PHP", 60, 0, 0, 0, 0, 0, 0, 0, 0, 0, 11, 71
"c:\xampp\htdocs\soften2-jobseeker-system\user-otp\randomString.php", "PHP", 11, 0, 0, 0, 0, 0, 0, 0, 0, 0, 4, 15
"c:\xampp\htdocs\soften2-jobseeker-system\verify-user\PHPMailer\README.md", "Markdown", 0, 165, 0, 0, 0, 0, 0, 0, 0, 0, 63, 228
"c:\xampp\htdocs\soften2-jobseeker-system\verify-user\PHPMailer\SECURITY.md", "Markdown", 0, 19, 0, 0, 0, 0, 0, 0, 0, 0, 19, 38
"c:\xampp\htdocs\soften2-jobseeker-system\verify-user\PHPMailer\composer.json", "JSON", 0, 0, 76, 0, 0, 0, 0, 0, 0, 0, 1, 77
"c:\xampp\htdocs\soften2-jobseeker-system\verify-user\PHPMailer\get_oauth_token.php", "PHP", 84, 0, 0, 0, 0, 0, 0, 0, 0, 46, 17, 147
"c:\xampp\htdocs\soften2-jobseeker-system\verify-user\PHPMailer\language\phpmailer.lang-af.php", "PHP", 20, 0, 0, 0, 0, 0, 0, 0, 0, 4, 3, 27
"c:\xampp\htdocs\soften2-jobseeker-system\verify-user\PHPMailer\language\phpmailer.lang-ar.php", "PHP", 20, 0, 0, 0, 0, 0, 0, 0, 0, 5, 3, 28
"c:\xampp\htdocs\soften2-jobseeker-system\verify-user\PHPMailer\language\phpmailer.lang-az.php", "PHP", 19, 0, 0, 0, 0, 0, 0, 0, 0, 6, 3, 28
"c:\xampp\htdocs\soften2-jobseeker-system\verify-user\PHPMailer\language\phpmailer.lang-ba.php", "PHP", 20, 0, 0, 0, 0, 0, 0, 0, 0, 5, 3, 28
"c:\xampp\htdocs\soften2-jobseeker-system\verify-user\PHPMailer\language\phpmailer.lang-be.php", "PHP", 19, 0, 0, 0, 0, 0, 0, 0, 0, 6, 3, 28
"c:\xampp\htdocs\soften2-jobseeker-system\verify-user\PHPMailer\language\phpmailer.lang-bg.php", "PHP", 20, 0, 0, 0, 0, 0, 0, 0, 0, 5, 3, 28
"c:\xampp\htdocs\soften2-jobseeker-system\verify-user\PHPMailer\language\phpmailer.lang-ca.php", "PHP", 19, 0, 0, 0, 0, 0, 0, 0, 0, 6, 3, 28
"c:\xampp\htdocs\soften2-jobseeker-system\verify-user\PHPMailer\language\phpmailer.lang-ch.php", "PHP", 13, 0, 0, 0, 0, 0, 0, 0, 0, 12, 3, 28
"c:\xampp\htdocs\soften2-jobseeker-system\verify-user\PHPMailer\language\phpmailer.lang-cs.php", "PHP", 22, 0, 0, 0, 0, 0, 0, 0, 0, 4, 3, 29
"c:\xampp\htdocs\soften2-jobseeker-system\verify-user\PHPMailer\language\phpmailer.lang-da.php", "PHP", 20, 0, 0, 0, 0, 0, 0, 0, 0, 7, 3, 30
"c:\xampp\htdocs\soften2-jobseeker-system\verify-user\PHPMailer\language\phpmailer.lang-de.php", "PHP", 22, 0, 0, 0, 0, 0, 0, 0, 0, 4, 3, 29
"c:\xampp\htdocs\soften2-jobseeker-system\verify-user\PHPMailer\language\phpmailer.lang-el.php", "PHP", 19, 0, 0, 0, 0, 0, 0, 0, 0, 5, 3, 27
"c:\xampp\htdocs\soften2-jobseeker-system\verify-user\PHPMailer\language\phpmailer.lang-eo.php", "PHP", 20, 0, 0, 0, 0, 0, 0, 0, 0, 4, 3, 27
"c:\xampp\htdocs\soften2-jobseeker-system\verify-user\PHPMailer\language\phpmailer.lang-es.php", "PHP", 20, 0, 0, 0, 0, 0, 0, 0, 0, 5, 3, 28
"c:\xampp\htdocs\soften2-jobseeker-system\verify-user\PHPMailer\language\phpmailer.lang-et.php", "PHP", 20, 0, 0, 0, 0, 0, 0, 0, 0, 6, 3, 29
"c:\xampp\htdocs\soften2-jobseeker-system\verify-user\PHPMailer\language\phpmailer.lang-fa.php", "PHP", 20, 0, 0, 0, 0, 0, 0, 0, 0, 6, 3, 29
"c:\xampp\htdocs\soften2-jobseeker-system\verify-user\PHPMailer\language\phpmailer.lang-fi.php", "PHP", 14, 0, 0, 0, 0, 0, 0, 0, 0, 12, 3, 29
"c:\xampp\htdocs\soften2-jobseeker-system\verify-user\PHPMailer\language\phpmailer.lang-fo.php", "PHP", 13, 0, 0, 0, 0, 0, 0, 0, 0, 12, 3, 28
"c:\xampp\htdocs\soften2-jobseeker-system\verify-user\PHPMailer\language\phpmailer.lang-fr.php", "PHP", 28, 0, 0, 0, 0, 0, 0, 0, 0, 8, 3, 39
"c:\xampp\htdocs\soften2-jobseeker-system\verify-user\PHPMailer\language\phpmailer.lang-gl.php", "PHP", 19, 0, 0, 0, 0, 0, 0, 0, 0, 6, 3, 28
"c:\xampp\htdocs\soften2-jobseeker-system\verify-user\PHPMailer\language\phpmailer.lang-he.php", "PHP", 19, 0, 0, 0, 0, 0, 0, 0, 0, 6, 3, 28
"c:\xampp\htdocs\soften2-jobseeker-system\verify-user\PHPMailer\language\phpmailer.lang-hi.php", "PHP", 20, 0, 0, 0, 0, 0, 0, 0, 0, 5, 3, 28
"c:\xampp\htdocs\soften2-jobseeker-system\verify-user\PHPMailer\language\phpmailer.lang-hr.php", "PHP", 20, 0, 0, 0, 0, 0, 0, 0, 0, 5, 3, 28
"c:\xampp\htdocs\soften2-jobseeker-system\verify-user\PHPMailer\language\phpmailer.lang-hu.php", "PHP", 20, 0, 0, 0, 0, 0, 0, 0, 0, 5, 3, 28
"c:\xampp\htdocs\soften2-jobseeker-system\verify-user\PHPMailer\language\phpmailer.lang-hy.php", "PHP", 20, 0, 0, 0, 0, 0, 0, 0, 0, 5, 3, 28
"c:\xampp\htdocs\soften2-jobseeker-system\verify-user\PHPMailer\language\phpmailer.lang-id.php", "PHP", 22, 0, 0, 0, 0, 0, 0, 0, 0, 7, 3, 32
"c:\xampp\htdocs\soften2-jobseeker-system\verify-user\PHPMailer\language\phpmailer.lang-it.php", "PHP", 20, 0, 0, 0, 0, 0, 0, 0, 0, 6, 3, 29
"c:\xampp\htdocs\soften2-jobseeker-system\verify-user\PHPMailer\language\phpmailer.lang-ja.php", "PHP", 20, 0, 0, 0, 0, 0, 0, 0, 0, 7, 3, 30
"c:\xampp\htdocs\soften2-jobseeker-system\verify-user\PHPMailer\language\phpmailer.lang-ka.php", "PHP", 20, 0, 0, 0, 0, 0, 0, 0, 0, 5, 3, 28
"c:\xampp\htdocs\soften2-jobseeker-system\verify-user\PHPMailer\language\phpmailer.lang-ko.php", "PHP", 20, 0, 0, 0, 0, 0, 0, 0, 0, 5, 3, 28
"c:\xampp\htdocs\soften2-jobseeker-system\verify-user\PHPMailer\language\phpmailer.lang-lt.php", "PHP", 19, 0, 0, 0, 0, 0, 0, 0, 0, 6, 3, 28
"c:\xampp\htdocs\soften2-jobseeker-system\verify-user\PHPMailer\language\phpmailer.lang-lv.php", "PHP", 19, 0, 0, 0, 0, 0, 0, 0, 0, 6, 3, 28
"c:\xampp\htdocs\soften2-jobseeker-system\verify-user\PHPMailer\language\phpmailer.lang-mg.php", "PHP", 20, 0, 0, 0, 0, 0, 0, 0, 0, 5, 3, 28
"c:\xampp\htdocs\soften2-jobseeker-system\verify-user\PHPMailer\language\phpmailer.lang-ms.php", "PHP", 20, 0, 0, 0, 0, 0, 0, 0, 0, 5, 3, 28
"c:\xampp\htdocs\soften2-jobseeker-system\verify-user\PHPMailer\language\phpmailer.lang-nb.php", "PHP", 20, 0, 0, 0, 0, 0, 0, 0, 0, 4, 3, 27
"c:\xampp\htdocs\soften2-jobseeker-system\verify-user\PHPMailer\language\phpmailer.lang-nl.php", "PHP", 27, 0, 0, 0, 0, 0, 0, 0, 0, 5, 3, 35
"c:\xampp\htdocs\soften2-jobseeker-system\verify-user\PHPMailer\language\phpmailer.lang-pl.php", "PHP", 21, 0, 0, 0, 0, 0, 0, 0, 0, 4, 3, 28
"c:\xampp\htdocs\soften2-jobseeker-system\verify-user\PHPMailer\language\phpmailer.lang-pt.php", "PHP", 20, 0, 0, 0, 0, 0, 0, 0, 0, 5, 3, 28
"c:\xampp\htdocs\soften2-jobseeker-system\verify-user\PHPMailer\language\phpmailer.lang-pt_br.php", "PHP", 27, 0, 0, 0, 0, 0, 0, 0, 0, 9, 3, 39
"c:\xampp\htdocs\soften2-jobseeker-system\verify-user\PHPMailer\language\phpmailer.lang-ro.php", "PHP", 27, 0, 0, 0, 0, 0, 0, 0, 0, 4, 3, 34
"c:\xampp\htdocs\soften2-jobseeker-system\verify-user\PHPMailer\language\phpmailer.lang-ru.php", "PHP", 20, 0, 0, 0, 0, 0, 0, 0, 0, 6, 3, 29
"c:\xampp\htdocs\soften2-jobseeker-system\verify-user\PHPMailer\language\phpmailer.lang-sk.php", "PHP", 22, 0, 0, 0, 0, 0, 0, 0, 0, 6, 3, 31
"c:\xampp\htdocs\soften2-jobseeker-system\verify-user\PHPMailer\language\phpmailer.lang-sl.php", "PHP", 27, 0, 0, 0, 0, 0, 0, 0, 0, 7, 3, 37
"c:\xampp\htdocs\soften2-jobseeker-system\verify-user\PHPMailer\language\phpmailer.lang-sr.php", "PHP", 20, 0, 0, 0, 0, 0, 0, 0, 0, 6, 3, 29
"c:\xampp\htdocs\soften2-jobseeker-system\verify-user\PHPMailer\language\phpmailer.lang-sr_latn.php", "PHP", 20, 0, 0, 0, 0, 0, 0, 0, 0, 6, 3, 29
"c:\xampp\htdocs\soften2-jobseeker-system\verify-user\PHPMailer\language\phpmailer.lang-sv.php", "PHP", 19, 0, 0, 0, 0, 0, 0, 0, 0, 6, 3, 28
"c:\xampp\htdocs\soften2-jobseeker-system\verify-user\PHPMailer\language\phpmailer.lang-tl.php", "PHP", 20, 0, 0, 0, 0, 0, 0, 0, 0, 6, 3, 29
"c:\xampp\htdocs\soften2-jobseeker-system\verify-user\PHPMailer\language\phpmailer.lang-tr.php", "PHP", 20, 0, 0, 0, 0, 0, 0, 0, 0, 9, 3, 32
"c:\xampp\htdocs\soften2-jobseeker-system\verify-user\PHPMailer\language\phpmailer.lang-uk.php", "PHP", 20, 0, 0, 0, 0, 0, 0, 0, 0, 6, 3, 29
"c:\xampp\htdocs\soften2-jobseeker-system\verify-user\PHPMailer\language\phpmailer.lang-vi.php", "PHP", 19, 0, 0, 0, 0, 0, 0, 0, 0, 6, 3, 28
"c:\xampp\htdocs\soften2-jobseeker-system\verify-user\PHPMailer\language\phpmailer.lang-zh.php", "PHP", 20, 0, 0, 0, 0, 0, 0, 0, 0, 7, 3, 30
"c:\xampp\htdocs\soften2-jobseeker-system\verify-user\PHPMailer\language\phpmailer.lang-zh_cn.php", "PHP", 20, 0, 0, 0, 0, 0, 0, 0, 0, 7, 3, 30
"c:\xampp\htdocs\soften2-jobseeker-system\verify-user\PHPMailer\src\Exception.php", "PHP", 9, 0, 0, 0, 0, 0, 0, 0, 0, 28, 4, 41
"c:\xampp\htdocs\soften2-jobseeker-system\verify-user\PHPMailer\src\OAuth.php", "PHP", 46, 0, 0, 0, 0, 0, 0, 0, 0, 79, 15, 140
"c:\xampp\htdocs\soften2-jobseeker-system\verify-user\PHPMailer\src\OAuthTokenProvider.php", "PHP", 6, 0, 0, 0, 0, 0, 0, 0, 0, 35, 4, 45
"c:\xampp\htdocs\soften2-jobseeker-system\verify-user\PHPMailer\src\PHPMailer.php", "PHP", 2827, 0, 0, 0, 0, 0, 0, 0, 0, 1865, 380, 5072
"c:\xampp\htdocs\soften2-jobseeker-system\verify-user\PHPMailer\src\POP3.php", "PHP", 178, 0, 0, 0, 0, 0, 0, 0, 0, 233, 52, 463
"c:\xampp\htdocs\soften2-jobseeker-system\verify-user\PHPMailer\src\SMTP.php", "PHP", 718, 0, 0, 0, 0, 0, 0, 0, 0, 598, 141, 1457
"c:\xampp\htdocs\soften2-jobseeker-system\verify-user\accountVerify.php", "PHP", 20, 0, 0, 0, 0, 0, 0, 0, 0, 2, 8, 30
"c:\xampp\htdocs\soften2-jobseeker-system\verify-user\db-connection.php", "PHP", 9, 0, 0, 0, 0, 0, 0, 0, 0, 2, 2, 13
"c:\xampp\htdocs\soften2-jobseeker-system\verify-user\sendOtpCode.php", "PHP", 35, 0, 0, 0, 0, 0, 0, 0, 0, 1, 8, 44
"c:\xampp\htdocs\soften2-jobseeker-system\verify-user\userSendOtp.php", "PHP", 60, 0, 0, 0, 0, 0, 0, 0, 0, 0, 11, 71
"Total", "-", 17213, 771, 311, 57786, 107904, 15619, 347, 283, 40, 42119, 35773, 278166